DOCNUM;ARTIFACT;MODE;RESULT;TARGET;MESSAGE
0000000117698459;STAT.json;GUI_DOWNLOAD;SUCCESS;C:\Users\sesa857782\Documents\idoc_experiments\0000000117698459_STAT.json;Frontend export completed.
0000000117698459;CTRL.json;GUI_DOWNLOAD;SUCCESS;C:\Users\sesa857782\Documents\idoc_experiments\0000000117698459_CTRL.json;Frontend export completed.
0000000117698459;CONTENT.xml;GUI_DOWNLOAD;SUCCESS;C:\Users\sesa857782\Documents\idoc_experiments\0000000117698459_CONTENT.xml;Frontend export completed.
0000000117698459;CTRL_TABLE;GUI_DOWNLOAD;SUCCESS;ZALE_EXP_CTRL;Status 0000000000000001 registered.
0000000117698461;STAT.json;GUI_DOWNLOAD;SUCCESS;C:\Users\sesa857782\Documents\idoc_experiments\0000000117698461_STAT.json;Frontend export completed.
0000000117698461;CTRL.json;GUI_DOWNLOAD;SUCCESS;C:\Users\sesa857782\Documents\idoc_experiments\0000000117698461_CTRL.json;Frontend export completed.
0000000117698461;CONTENT.xml;GUI_DOWNLOAD;SUCCESS;C:\Users\sesa857782\Documents\idoc_experiments\0000000117698461_CONTENT.xml;Frontend export completed.
0000000117698461;CTRL_TABLE;GUI_DOWNLOAD;SUCCESS;ZALE_EXP_CTRL;Status 0000000000000001 registered.
0000000117698463;STAT.json;GUI_DOWNLOAD;SUCCESS;C:\Users\sesa857782\Documents\idoc_experiments\0000000117698463_STAT.json;Frontend export completed.
0000000117698463;CTRL.json;GUI_DOWNLOAD;SUCCESS;C:\Users\sesa857782\Documents\idoc_experiments\0000000117698463_CTRL.json;Frontend export completed.
0000000117698463;CONTENT.xml;GUI_DOWNLOAD;SUCCESS;C:\Users\sesa857782\Documents\idoc_experiments\0000000117698463_CONTENT.xml;Frontend export completed.
0000000117698463;CTRL_TABLE;GUI_DOWNLOAD;SUCCESS;ZALE_EXP_CTRL;Status 0000000000000001 registered.
0000000117698465;STAT.json;GUI_DOWNLOAD;SUCCESS;C:\Users\sesa857782\Documents\idoc_experiments\0000000117698465_STAT.json;Frontend export completed.
0000000117698465;CTRL.json;GUI_DOWNLOAD;SUCCESS;C:\Users\sesa857782\Documents\idoc_experiments\0000000117698465_CTRL.json;Frontend export completed.
0000000117698465;CONTENT.xml;GUI_DOWNLOAD;SUCCESS;C:\Users\sesa857782\Documents\idoc_experiments\0000000117698465_CONTENT.xml;Frontend export completed.
0000000117698465;CTRL_TABLE;GUI_DOWNLOAD;SUCCESS;ZALE_EXP_CTRL;Status 0000000000000001 registered.
0000000117698467;STAT.json;GUI_DOWNLOAD;SUCCESS;C:\Users\sesa857782\Documents\idoc_experiments\0000000117698467_STAT.json;Frontend export completed.
0000000117698467;CTRL.json;GUI_DOWNLOAD;SUCCESS;C:\Users\sesa857782\Documents\idoc_experiments\0000000117698467_CTRL.json;Frontend export completed.
0000000117698467;CONTENT.xml;GUI_DOWNLOAD;SUCCESS;C:\Users\sesa857782\Documents\idoc_experiments\0000000117698467_CONTENT.xml;Frontend export completed.
0000000117698467;CTRL_TABLE;GUI_DOWNLOAD;SUCCESS;ZALE_EXP_CTRL;Status 0000000000000001 registered.
0000000117698471;STAT.json;GUI_DOWNLOAD;SUCCESS;C:\Users\sesa857782\Documents\idoc_experiments\0000000117698471_STAT.json;Frontend export completed.
0000000117698471;CTRL.json;GUI_DOWNLOAD;SUCCESS;C:\Users\sesa857782\Documents\idoc_experiments\0000000117698471_CTRL.json;Frontend export completed.
0000000117698471;CONTENT.xml;GUI_DOWNLOAD;SUCCESS;C:\Users\sesa857782\Documents\idoc_experiments\0000000117698471_CONTENT.xml;Frontend export completed.
0000000117698471;CTRL_TABLE;GUI_DOWNLOAD;SUCCESS;ZALE_EXP_CTRL;Status 0000000000000001 registered.
0000000117698473;STAT.json;GUI_DOWNLOAD;SUCCESS;C:\Users\sesa857782\Documents\idoc_experiments\0000000117698473_STAT.json;Frontend export completed.
0000000117698473;CTRL.json;GUI_DOWNLOAD;SUCCESS;C:\Users\sesa857782\Documents\idoc_experiments\0000000117698473_CTRL.json;Frontend export completed.
0000000117698473;CONTENT.xml;GUI_DOWNLOAD;SUCCESS;C:\Users\sesa857782\Documents\idoc_experiments\0000000117698473_CONTENT.xml;Frontend export completed.
0000000117698473;CTRL_TABLE;GUI_DOWNLOAD;SUCCESS;ZALE_EXP_CTRL;Status 0000000000000001 registered.
0000000117698475;STAT.json;GUI_DOWNLOAD;SUCCESS;C:\Users\sesa857782\Documents\idoc_experiments\0000000117698475_STAT.json;Frontend export completed.
0000000117698475;CTRL.json;GUI_DOWNLOAD;SUCCESS;C:\Users\sesa857782\Documents\idoc_experiments\0000000117698475_CTRL.json;Frontend export completed.
0000000117698475;CONTENT.xml;GUI_DOWNLOAD;SUCCESS;C:\Users\sesa857782\Documents\idoc_experiments\0000000117698475_CONTENT.xml;Frontend export completed.
0000000117698475;CTRL_TABLE;GUI_DOWNLOAD;SUCCESS;ZALE_EXP_CTRL;Status 0000000000000001 registered.
0000000117698477;STAT.json;GUI_DOWNLOAD;SUCCESS;C:\Users\sesa857782\Documents\idoc_experiments\0000000117698477_STAT.json;Frontend export completed.
0000000117698477;CTRL.json;GUI_DOWNLOAD;SUCCESS;C:\Users\sesa857782\Documents\idoc_experiments\0000000117698477_CTRL.json;Frontend export completed.
0000000117698477;CONTENT.xml;GUI_DOWNLOAD;SUCCESS;C:\Users\sesa857782\Documents\idoc_experiments\0000000117698477_CONTENT.xml;Frontend export completed.
0000000117698477;CTRL_TABLE;GUI_DOWNLOAD;SUCCESS;ZALE_EXP_CTRL;Status 0000000000000001 registered.
0000000117698479;STAT.json;GUI_DOWNLOAD;SUCCESS;C:\Users\sesa857782\Documents\idoc_experiments\0000000117698479_STAT.json;Frontend export completed.
0000000117698479;CTRL.json;GUI_DOWNLOAD;SUCCESS;C:\Users\sesa857782\Documents\idoc_experiments\0000000117698479_CTRL.json;Frontend export completed.
0000000117698479;CONTENT.xml;GUI_DOWNLOAD;SUCCESS;C:\Users\sesa857782\Documents\idoc_experiments\0000000117698479_CONTENT.xml;Frontend export completed.
0000000117698479;CTRL_TABLE;GUI_DOWNLOAD;SUCCESS;ZALE_EXP_CTRL;Status 0000000000000001 registered.
0000000117698481;STAT.json;GUI_DOWNLOAD;SUCCESS;C:\Users\sesa857782\Documents\idoc_experiments\0000000117698481_STAT.json;Frontend export completed.
0000000117698481;CTRL.json;GUI_DOWNLOAD;SUCCESS;C:\Users\sesa857782\Documents\idoc_experiments\0000000117698481_CTRL.json;Frontend export completed.
0000000117698481;CONTENT.xml;GUI_DOWNLOAD;SUCCESS;C:\Users\sesa857782\Documents\idoc_experiments\0000000117698481_CONTENT.xml;Frontend export completed.
0000000117698481;CTRL_TABLE;GUI_DOWNLOAD;SUCCESS;ZALE_EXP_CTRL;Status 0000000000000001 registered.
0000000117698483;STAT.json;GUI_DOWNLOAD;SUCCESS;C:\Users\sesa857782\Documents\idoc_experiments\0000000117698483_STAT.json;Frontend export completed.
0000000117698483;CTRL.json;GUI_DOWNLOAD;SUCCESS;C:\Users\sesa857782\Documents\idoc_experiments\0000000117698483_CTRL.json;Frontend export completed.
0000000117698483;CONTENT.xml;GUI_DOWNLOAD;SUCCESS;C:\Users\sesa857782\Documents\idoc_experiments\0000000117698483_CONTENT.xml;Frontend export completed.
0000000117698483;CTRL_TABLE;GUI_DOWNLOAD;SUCCESS;ZALE_EXP_CTRL;Status 0000000000000001 registered.
0000000117698485;STAT.json;GUI_DOWNLOAD;SUCCESS;C:\Users\sesa857782\Documents\idoc_experiments\0000000117698485_STAT.json;Frontend export completed.
0000000117698485;CTRL.json;GUI_DOWNLOAD;SUCCESS;C:\Users\sesa857782\Documents\idoc_experiments\0000000117698485_CTRL.json;Frontend export completed.
0000000117698485;CONTENT.xml;GUI_DOWNLOAD;SUCCESS;C:\Users\sesa857782\Documents\idoc_experiments\0000000117698485_CONTENT.xml;Frontend export completed.
0000000117698485;CTRL_TABLE;GUI_DOWNLOAD;SUCCESS;ZALE_EXP_CTRL;Status 0000000000000001 registered.
0000000117698487;STAT.json;GUI_DOWNLOAD;SUCCESS;C:\Users\sesa857782\Documents\idoc_experiments\0000000117698487_STAT.json;Frontend export completed.
0000000117698487;CTRL.json;GUI_DOWNLOAD;SUCCESS;C:\Users\sesa857782\Documents\idoc_experiments\0000000117698487_CTRL.json;Frontend export completed.
0000000117698487;CONTENT.xml;GUI_DOWNLOAD;SUCCESS;C:\Users\sesa857782\Documents\idoc_experiments\0000000117698487_CONTENT.xml;Frontend export completed.
0000000117698487;CTRL_TABLE;GUI_DOWNLOAD;SUCCESS;ZALE_EXP_CTRL;Status 0000000000000001 registered.
0000000117698493;STAT.json;GUI_DOWNLOAD;SUCCESS;C:\Users\sesa857782\Documents\idoc_experiments\0000000117698493_STAT.json;Frontend export completed.
0000000117698493;CTRL.json;GUI_DOWNLOAD;SUCCESS;C:\Users\sesa857782\Documents\idoc_experiments\0000000117698493_CTRL.json;Frontend export completed.
0000000117698493;CONTENT.xml;GUI_DOWNLOAD;SUCCESS;C:\Users\sesa857782\Documents\idoc_experiments\0000000117698493_CONTENT.xml;Frontend export completed.
0000000117698493;CTRL_TABLE;GUI_DOWNLOAD;SUCCESS;ZALE_EXP_CTRL;Status 0000000000000001 registered.
0000000117698496;STAT.json;GUI_DOWNLOAD;SUCCESS;C:\Users\sesa857782\Documents\idoc_experiments\0000000117698496_STAT.json;Frontend export completed.
0000000117698496;CTRL.json;GUI_DOWNLOAD;SUCCESS;C:\Users\sesa857782\Documents\idoc_experiments\0000000117698496_CTRL.json;Frontend export completed.
0000000117698496;CONTENT.xml;GUI_DOWNLOAD;SUCCESS;C:\Users\sesa857782\Documents\idoc_experiments\0000000117698496_CONTENT.xml;Frontend export completed.
0000000117698496;CTRL_TABLE;GUI_DOWNLOAD;SUCCESS;ZALE_EXP_CTRL;Status 0000000000000001 registered.
0000000117698499;STAT.json;GUI_DOWNLOAD;SUCCESS;C:\Users\sesa857782\Documents\idoc_experiments\0000000117698499_STAT.json;Frontend export completed.
0000000117698499;CTRL.json;GUI_DOWNLOAD;SUCCESS;C:\Users\sesa857782\Documents\idoc_experiments\0000000117698499_CTRL.json;Frontend export completed.
0000000117698499;CONTENT.xml;GUI_DOWNLOAD;SUCCESS;C:\Users\sesa857782\Documents\idoc_experiments\0000000117698499_CONTENT.xml;Frontend export completed.
0000000117698499;CTRL_TABLE;GUI_DOWNLOAD;SUCCESS;ZALE_EXP_CTRL;Status 0000000000000001 registered.
0000000117698502;STAT.json;GUI_DOWNLOAD;SUCCESS;C:\Users\sesa857782\Documents\idoc_experiments\0000000117698502_STAT.json;Frontend export completed.
0000000117698502;CTRL.json;GUI_DOWNLOAD;SUCCESS;C:\Users\sesa857782\Documents\idoc_experiments\0000000117698502_CTRL.json;Frontend export completed.
0000000117698502;CONTENT.xml;GUI_DOWNLOAD;SUCCESS;C:\Users\sesa857782\Documents\idoc_experiments\0000000117698502_CONTENT.xml;Frontend export completed.
0000000117698502;CTRL_TABLE;GUI_DOWNLOAD;SUCCESS;ZALE_EXP_CTRL;Status 0000000000000001 registered.
0000000117698504;STAT.json;GUI_DOWNLOAD;SUCCESS;C:\Users\sesa857782\Documents\idoc_experiments\0000000117698504_STAT.json;Frontend export completed.
0000000117698504;CTRL.json;GUI_DOWNLOAD;SUCCESS;C:\Users\sesa857782\Documents\idoc_experiments\0000000117698504_CTRL.json;Frontend export completed.
0000000117698504;CONTENT.xml;GUI_DOWNLOAD;SUCCESS;C:\Users\sesa857782\Documents\idoc_experiments\0000000117698504_CONTENT.xml;Frontend export completed.
0000000117698504;CTRL_TABLE;GUI_DOWNLOAD;SUCCESS;ZALE_EXP_CTRL;Status 0000000000000001 registered.
0000000117698508;STAT.json;GUI_DOWNLOAD;SUCCESS;C:\Users\sesa857782\Documents\idoc_experiments\0000000117698508_STAT.json;Frontend export completed.
0000000117698508;CTRL.json;GUI_DOWNLOAD;SUCCESS;C:\Users\sesa857782\Documents\idoc_experiments\0000000117698508_CTRL.json;Frontend export completed.
0000000117698508;CONTENT.xml;GUI_DOWNLOAD;SUCCESS;C:\Users\sesa857782\Documents\idoc_experiments\0000000117698508_CONTENT.xml;Frontend export completed.
0000000117698508;CTRL_TABLE;GUI_DOWNLOAD;SUCCESS;ZALE_EXP_CTRL;Status 0000000000000001 registered.
0000000117698513;STAT.json;GUI_DOWNLOAD;SUCCESS;C:\Users\sesa857782\Documents\idoc_experiments\0000000117698513_STAT.json;Frontend export completed.
0000000117698513;CTRL.json;GUI_DOWNLOAD;SUCCESS;C:\Users\sesa857782\Documents\idoc_experiments\0000000117698513_CTRL.json;Frontend export completed.
0000000117698513;CONTENT.xml;GUI_DOWNLOAD;SUCCESS;C:\Users\sesa857782\Documents\idoc_experiments\0000000117698513_CONTENT.xml;Frontend export completed.
0000000117698513;CTRL_TABLE;GUI_DOWNLOAD;SUCCESS;ZALE_EXP_CTRL;Status 0000000000000001 registered.
0000000117698516;STAT.json;GUI_DOWNLOAD;SUCCESS;C:\Users\sesa857782\Documents\idoc_experiments\0000000117698516_STAT.json;Frontend export completed.
0000000117698516;CTRL.json;GUI_DOWNLOAD;SUCCESS;C:\Users\sesa857782\Documents\idoc_experiments\0000000117698516_CTRL.json;Frontend export completed.
0000000117698516;CONTENT.xml;GUI_DOWNLOAD;SUCCESS;C:\Users\sesa857782\Documents\idoc_experiments\0000000117698516_CONTENT.xml;Frontend export completed.
0000000117698516;CTRL_TABLE;GUI_DOWNLOAD;SUCCESS;ZALE_EXP_CTRL;Status 0000000000000001 registered.
0000000117698519;STAT.json;GUI_DOWNLOAD;SUCCESS;C:\Users\sesa857782\Documents\idoc_experiments\0000000117698519_STAT.json;Frontend export completed.
0000000117698519;CTRL.json;GUI_DOWNLOAD;SUCCESS;C:\Users\sesa857782\Documents\idoc_experiments\0000000117698519_CTRL.json;Frontend export completed.
0000000117698519;CONTENT.xml;GUI_DOWNLOAD;SUCCESS;C:\Users\sesa857782\Documents\idoc_experiments\0000000117698519_CONTENT.xml;Frontend export completed.
0000000117698519;CTRL_TABLE;GUI_DOWNLOAD;SUCCESS;ZALE_EXP_CTRL;Status 0000000000000001 registered.
0000000117698523;STAT.json;GUI_DOWNLOAD;SUCCESS;C:\Users\sesa857782\Documents\idoc_experiments\0000000117698523_STAT.json;Frontend export completed.
0000000117698523;CTRL.json;GUI_DOWNLOAD;SUCCESS;C:\Users\sesa857782\Documents\idoc_experiments\0000000117698523_CTRL.json;Frontend export completed.
0000000117698523;CONTENT.xml;GUI_DOWNLOAD;SUCCESS;C:\Users\sesa857782\Documents\idoc_experiments\0000000117698523_CONTENT.xml;Frontend export completed.
0000000117698523;CTRL_TABLE;GUI_DOWNLOAD;SUCCESS;ZALE_EXP_CTRL;Status 0000000000000001 registered.
0000000117698525;STAT.json;GUI_DOWNLOAD;SUCCESS;C:\Users\sesa857782\Documents\idoc_experiments\0000000117698525_STAT.json;Frontend export completed.
0000000117698525;CTRL.json;GUI_DOWNLOAD;SUCCESS;C:\Users\sesa857782\Documents\idoc_experiments\0000000117698525_CTRL.json;Frontend export completed.
0000000117698525;CONTENT.xml;GUI_DOWNLOAD;SUCCESS;C:\Users\sesa857782\Documents\idoc_experiments\0000000117698525_CONTENT.xml;Frontend export completed.
0000000117698525;CTRL_TABLE;GUI_DOWNLOAD;SUCCESS;ZALE_EXP_CTRL;Status 0000000000000001 registered.
0000000117698527;STAT.json;GUI_DOWNLOAD;SUCCESS;C:\Users\sesa857782\Documents\idoc_experiments\0000000117698527_STAT.json;Frontend export completed.
0000000117698527;CTRL.json;GUI_DOWNLOAD;SUCCESS;C:\Users\sesa857782\Documents\idoc_experiments\0000000117698527_CTRL.json;Frontend export completed.
0000000117698527;CONTENT.xml;GUI_DOWNLOAD;SUCCESS;C:\Users\sesa857782\Documents\idoc_experiments\0000000117698527_CONTENT.xml;Frontend export completed.
0000000117698527;CTRL_TABLE;GUI_DOWNLOAD;SUCCESS;ZALE_EXP_CTRL;Status 0000000000000001 registered.
0000000117698537;STAT.json;GUI_DOWNLOAD;SUCCESS;C:\Users\sesa857782\Documents\idoc_experiments\0000000117698537_STAT.json;Frontend export completed.
0000000117698537;CTRL.json;GUI_DOWNLOAD;SUCCESS;C:\Users\sesa857782\Documents\idoc_experiments\0000000117698537_CTRL.json;Frontend export completed.
0000000117698537;CONTENT.xml;GUI_DOWNLOAD;SUCCESS;C:\Users\sesa857782\Documents\idoc_experiments\0000000117698537_CONTENT.xml;Frontend export completed.
0000000117698537;CTRL_TABLE;GUI_DOWNLOAD;SUCCESS;ZALE_EXP_CTRL;Status 0000000000000001 registered.
0000000117698545;STAT.json;GUI_DOWNLOAD;SUCCESS;C:\Users\sesa857782\Documents\idoc_experiments\0000000117698545_STAT.json;Frontend export completed.
0000000117698545;CTRL.json;GUI_DOWNLOAD;SUCCESS;C:\Users\sesa857782\Documents\idoc_experiments\0000000117698545_CTRL.json;Frontend export completed.
0000000117698545;CONTENT.xml;GUI_DOWNLOAD;SUCCESS;C:\Users\sesa857782\Documents\idoc_experiments\0000000117698545_CONTENT.xml;Frontend export completed.
0000000117698545;CTRL_TABLE;GUI_DOWNLOAD;SUCCESS;ZALE_EXP_CTRL;Status 0000000000000004 registered.
0000000117698553;STAT.json;GUI_DOWNLOAD;SUCCESS;C:\Users\sesa857782\Documents\idoc_experiments\0000000117698553_STAT.json;Frontend export completed.
0000000117698553;CTRL.json;GUI_DOWNLOAD;SUCCESS;C:\Users\sesa857782\Documents\idoc_experiments\0000000117698553_CTRL.json;Frontend export completed.
0000000117698553;CONTENT.xml;GUI_DOWNLOAD;SUCCESS;C:\Users\sesa857782\Documents\idoc_experiments\0000000117698553_CONTENT.xml;Frontend export completed.
0000000117698553;CTRL_TABLE;GUI_DOWNLOAD;SUCCESS;ZALE_EXP_CTRL;Status 0000000000000001 registered.
0000000117698558;STAT.json;GUI_DOWNLOAD;SUCCESS;C:\Users\sesa857782\Documents\idoc_experiments\0000000117698558_STAT.json;Frontend export completed.
0000000117698558;CTRL.json;GUI_DOWNLOAD;SUCCESS;C:\Users\sesa857782\Documents\idoc_experiments\0000000117698558_CTRL.json;Frontend export completed.
0000000117698558;CONTENT.xml;GUI_DOWNLOAD;SUCCESS;C:\Users\sesa857782\Documents\idoc_experiments\0000000117698558_CONTENT.xml;Frontend export completed.
0000000117698558;CTRL_TABLE;GUI_DOWNLOAD;SUCCESS;ZALE_EXP_CTRL;Status 0000000000000001 registered.
0000000117698561;STAT.json;GUI_DOWNLOAD;SUCCESS;C:\Users\sesa857782\Documents\idoc_experiments\0000000117698561_STAT.json;Frontend export completed.
0000000117698561;CTRL.json;GUI_DOWNLOAD;SUCCESS;C:\Users\sesa857782\Documents\idoc_experiments\0000000117698561_CTRL.json;Frontend export completed.
0000000117698561;CONTENT.xml;GUI_DOWNLOAD;SUCCESS;C:\Users\sesa857782\Documents\idoc_experiments\0000000117698561_CONTENT.xml;Frontend export completed.
0000000117698561;CTRL_TABLE;GUI_DOWNLOAD;SUCCESS;ZALE_EXP_CTRL;Status 0000000000000001 registered.
0000000117698564;STAT.json;GUI_DOWNLOAD;SUCCESS;C:\Users\sesa857782\Documents\idoc_experiments\0000000117698564_STAT.json;Frontend export completed.
0000000117698564;CTRL.json;GUI_DOWNLOAD;SUCCESS;C:\Users\sesa857782\Documents\idoc_experiments\0000000117698564_CTRL.json;Frontend export completed.
0000000117698564;CONTENT.xml;GUI_DOWNLOAD;SUCCESS;C:\Users\sesa857782\Documents\idoc_experiments\0000000117698564_CONTENT.xml;Frontend export completed.
0000000117698564;CTRL_TABLE;GUI_DOWNLOAD;SUCCESS;ZALE_EXP_CTRL;Status 0000000000000001 registered.
0000000117698567;STAT.json;GUI_DOWNLOAD;SUCCESS;C:\Users\sesa857782\Documents\idoc_experiments\0000000117698567_STAT.json;Frontend export completed.
0000000117698567;CTRL.json;GUI_DOWNLOAD;SUCCESS;C:\Users\sesa857782\Documents\idoc_experiments\0000000117698567_CTRL.json;Frontend export completed.
0000000117698567;CONTENT.xml;GUI_DOWNLOAD;SUCCESS;C:\Users\sesa857782\Documents\idoc_experiments\0000000117698567_CONTENT.xml;Frontend export completed.
0000000117698567;CTRL_TABLE;GUI_DOWNLOAD;SUCCESS;ZALE_EXP_CTRL;Status 0000000000000001 registered.
0000000117698570;STAT.json;GUI_DOWNLOAD;SUCCESS;C:\Users\sesa857782\Documents\idoc_experiments\0000000117698570_STAT.json;Frontend export completed.
0000000117698570;CTRL.json;GUI_DOWNLOAD;SUCCESS;C:\Users\sesa857782\Documents\idoc_experiments\0000000117698570_CTRL.json;Frontend export completed.
0000000117698570;CONTENT.xml;GUI_DOWNLOAD;SUCCESS;C:\Users\sesa857782\Documents\idoc_experiments\0000000117698570_CONTENT.xml;Frontend export completed.
0000000117698570;CTRL_TABLE;GUI_DOWNLOAD;SUCCESS;ZALE_EXP_CTRL;Status 0000000000000001 registered.
0000000117698573;STAT.json;GUI_DOWNLOAD;SUCCESS;C:\Users\sesa857782\Documents\idoc_experiments\0000000117698573_STAT.json;Frontend export completed.
0000000117698573;CTRL.json;GUI_DOWNLOAD;SUCCESS;C:\Users\sesa857782\Documents\idoc_experiments\0000000117698573_CTRL.json;Frontend export completed.
0000000117698573;CONTENT.xml;GUI_DOWNLOAD;SUCCESS;C:\Users\sesa857782\Documents\idoc_experiments\0000000117698573_CONTENT.xml;Frontend export completed.
0000000117698573;CTRL_TABLE;GUI_DOWNLOAD;SUCCESS;ZALE_EXP_CTRL;Status 0000000000000001 registered.
0000000117698576;STAT.json;GUI_DOWNLOAD;SUCCESS;C:\Users\sesa857782\Documents\idoc_experiments\0000000117698576_STAT.json;Frontend export completed.
0000000117698576;CTRL.json;GUI_DOWNLOAD;SUCCESS;C:\Users\sesa857782\Documents\idoc_experiments\0000000117698576_CTRL.json;Frontend export completed.
0000000117698576;CONTENT.xml;GUI_DOWNLOAD;SUCCESS;C:\Users\sesa857782\Documents\idoc_experiments\0000000117698576_CONTENT.xml;Frontend export completed.
0000000117698576;CTRL_TABLE;GUI_DOWNLOAD;SUCCESS;ZALE_EXP_CTRL;Status 0000000000000001 registered.
0000000117698580;STAT.json;GUI_DOWNLOAD;SUCCESS;C:\Users\sesa857782\Documents\idoc_experiments\0000000117698580_STAT.json;Frontend export completed.
0000000117698580;CTRL.json;GUI_DOWNLOAD;SUCCESS;C:\Users\sesa857782\Documents\idoc_experiments\0000000117698580_CTRL.json;Frontend export completed.
0000000117698580;CONTENT.xml;GUI_DOWNLOAD;SUCCESS;C:\Users\sesa857782\Documents\idoc_experiments\0000000117698580_CONTENT.xml;Frontend export completed.
0000000117698580;CTRL_TABLE;GUI_DOWNLOAD;SUCCESS;ZALE_EXP_CTRL;Status 0000000000000001 registered.
0000000117698583;STAT.json;GUI_DOWNLOAD;SUCCESS;C:\Users\sesa857782\Documents\idoc_experiments\0000000117698583_STAT.json;Frontend export completed.
0000000117698583;CTRL.json;GUI_DOWNLOAD;SUCCESS;C:\Users\sesa857782\Documents\idoc_experiments\0000000117698583_CTRL.json;Frontend export completed.
0000000117698583;CONTENT.xml;GUI_DOWNLOAD;SUCCESS;C:\Users\sesa857782\Documents\idoc_experiments\0000000117698583_CONTENT.xml;Frontend export completed.
0000000117698583;CTRL_TABLE;GUI_DOWNLOAD;SUCCESS;ZALE_EXP_CTRL;Status 0000000000000001 registered.
0000000117698586;STAT.json;GUI_DOWNLOAD;SUCCESS;C:\Users\sesa857782\Documents\idoc_experiments\0000000117698586_STAT.json;Frontend export completed.
0000000117698586;CTRL.json;GUI_DOWNLOAD;SUCCESS;C:\Users\sesa857782\Documents\idoc_experiments\0000000117698586_CTRL.json;Frontend export completed.
0000000117698586;CONTENT.xml;GUI_DOWNLOAD;SUCCESS;C:\Users\sesa857782\Documents\idoc_experiments\0000000117698586_CONTENT.xml;Frontend export completed.
0000000117698586;CTRL_TABLE;GUI_DOWNLOAD;SUCCESS;ZALE_EXP_CTRL;Status 0000000000000001 registered.
0000000117698589;STAT.json;GUI_DOWNLOAD;SUCCESS;C:\Users\sesa857782\Documents\idoc_experiments\0000000117698589_STAT.json;Frontend export completed.
0000000117698589;CTRL.json;GUI_DOWNLOAD;SUCCESS;C:\Users\sesa857782\Documents\idoc_experiments\0000000117698589_CTRL.json;Frontend export completed.
0000000117698589;CONTENT.xml;GUI_DOWNLOAD;SUCCESS;C:\Users\sesa857782\Documents\idoc_experiments\0000000117698589_CONTENT.xml;Frontend export completed.
0000000117698589;CTRL_TABLE;GUI_DOWNLOAD;SUCCESS;ZALE_EXP_CTRL;Status 0000000000000001 registered.
0000000117698592;STAT.json;GUI_DOWNLOAD;SUCCESS;C:\Users\sesa857782\Documents\idoc_experiments\0000000117698592_STAT.json;Frontend export completed.
0000000117698592;CTRL.json;GUI_DOWNLOAD;SUCCESS;C:\Users\sesa857782\Documents\idoc_experiments\0000000117698592_CTRL.json;Frontend export completed.
0000000117698592;CONTENT.xml;GUI_DOWNLOAD;SUCCESS;C:\Users\sesa857782\Documents\idoc_experiments\0000000117698592_CONTENT.xml;Frontend export completed.
0000000117698592;CTRL_TABLE;GUI_DOWNLOAD;SUCCESS;ZALE_EXP_CTRL;Status 0000000000000001 registered.
0000000117698596;STAT.json;GUI_DOWNLOAD;SUCCESS;C:\Users\sesa857782\Documents\idoc_experiments\0000000117698596_STAT.json;Frontend export completed.
0000000117698596;CTRL.json;GUI_DOWNLOAD;SUCCESS;C:\Users\sesa857782\Documents\idoc_experiments\0000000117698596_CTRL.json;Frontend export completed.
0000000117698596;CONTENT.xml;GUI_DOWNLOAD;SUCCESS;C:\Users\sesa857782\Documents\idoc_experiments\0000000117698596_CONTENT.xml;Frontend export completed.
0000000117698596;CTRL_TABLE;GUI_DOWNLOAD;SUCCESS;ZALE_EXP_CTRL;Status 0000000000000001 registered.
0000000117698598;STAT.json;GUI_DOWNLOAD;SUCCESS;C:\Users\sesa857782\Documents\idoc_experiments\0000000117698598_STAT.json;Frontend export completed.
0000000117698598;CTRL.json;GUI_DOWNLOAD;SUCCESS;C:\Users\sesa857782\Documents\idoc_experiments\0000000117698598_CTRL.json;Frontend export completed.
0000000117698598;CONTENT.xml;GUI_DOWNLOAD;SUCCESS;C:\Users\sesa857782\Documents\idoc_experiments\0000000117698598_CONTENT.xml;Frontend export completed.
0000000117698598;CTRL_TABLE;GUI_DOWNLOAD;SUCCESS;ZALE_EXP_CTRL;Status 0000000000000001 registered.
0000000117698600;STAT.json;GUI_DOWNLOAD;SUCCESS;C:\Users\sesa857782\Documents\idoc_experiments\0000000117698600_STAT.json;Frontend export completed.
0000000117698600;CTRL.json;GUI_DOWNLOAD;SUCCESS;C:\Users\sesa857782\Documents\idoc_experiments\0000000117698600_CTRL.json;Frontend export completed.
0000000117698600;CONTENT.xml;GUI_DOWNLOAD;SUCCESS;C:\Users\sesa857782\Documents\idoc_experiments\0000000117698600_CONTENT.xml;Frontend export completed.
0000000117698600;CTRL_TABLE;GUI_DOWNLOAD;SUCCESS;ZALE_EXP_CTRL;Status 0000000000000001 registered.
0000000117698602;STAT.json;GUI_DOWNLOAD;SUCCESS;C:\Users\sesa857782\Documents\idoc_experiments\0000000117698602_STAT.json;Frontend export completed.
0000000117698602;CTRL.json;GUI_DOWNLOAD;SUCCESS;C:\Users\sesa857782\Documents\idoc_experiments\0000000117698602_CTRL.json;Frontend export completed.
0000000117698602;CONTENT.xml;GUI_DOWNLOAD;SUCCESS;C:\Users\sesa857782\Documents\idoc_experiments\0000000117698602_CONTENT.xml;Frontend export completed.
0000000117698602;CTRL_TABLE;GUI_DOWNLOAD;SUCCESS;ZALE_EXP_CTRL;Status 0000000000000001 registered.
0000000117698607;STAT.json;GUI_DOWNLOAD;SUCCESS;C:\Users\sesa857782\Documents\idoc_experiments\0000000117698607_STAT.json;Frontend export completed.
0000000117698607;CTRL.json;GUI_DOWNLOAD;SUCCESS;C:\Users\sesa857782\Documents\idoc_experiments\0000000117698607_CTRL.json;Frontend export completed.
0000000117698607;CONTENT.xml;GUI_DOWNLOAD;SUCCESS;C:\Users\sesa857782\Documents\idoc_experiments\0000000117698607_CONTENT.xml;Frontend export completed.
0000000117698607;CTRL_TABLE;GUI_DOWNLOAD;SUCCESS;ZALE_EXP_CTRL;Status 0000000000000001 registered.
0000000117698609;STAT.json;GUI_DOWNLOAD;SUCCESS;C:\Users\sesa857782\Documents\idoc_experiments\0000000117698609_STAT.json;Frontend export completed.
0000000117698609;CTRL.json;GUI_DOWNLOAD;SUCCESS;C:\Users\sesa857782\Documents\idoc_experiments\0000000117698609_CTRL.json;Frontend export completed.
0000000117698609;CONTENT.xml;GUI_DOWNLOAD;SUCCESS;C:\Users\sesa857782\Documents\idoc_experiments\0000000117698609_CONTENT.xml;Frontend export completed.
0000000117698609;CTRL_TABLE;GUI_DOWNLOAD;SUCCESS;ZALE_EXP_CTRL;Status 0000000000000001 registered.
0000000117698611;STAT.json;GUI_DOWNLOAD;SUCCESS;C:\Users\sesa857782\Documents\idoc_experiments\0000000117698611_STAT.json;Frontend export completed.
0000000117698611;CTRL.json;GUI_DOWNLOAD;SUCCESS;C:\Users\sesa857782\Documents\idoc_experiments\0000000117698611_CTRL.json;Frontend export completed.
0000000117698611;CONTENT.xml;GUI_DOWNLOAD;SUCCESS;C:\Users\sesa857782\Documents\idoc_experiments\0000000117698611_CONTENT.xml;Frontend export completed.
0000000117698611;CTRL_TABLE;GUI_DOWNLOAD;SUCCESS;ZALE_EXP_CTRL;Status 0000000000000001 registered.
0000000117698613;STAT.json;GUI_DOWNLOAD;SUCCESS;C:\Users\sesa857782\Documents\idoc_experiments\0000000117698613_STAT.json;Frontend export completed.
0000000117698613;CTRL.json;GUI_DOWNLOAD;SUCCESS;C:\Users\sesa857782\Documents\idoc_experiments\0000000117698613_CTRL.json;Frontend export completed.
0000000117698613;CONTENT.xml;GUI_DOWNLOAD;SUCCESS;C:\Users\sesa857782\Documents\idoc_experiments\0000000117698613_CONTENT.xml;Frontend export completed.
0000000117698613;CTRL_TABLE;GUI_DOWNLOAD;SUCCESS;ZALE_EXP_CTRL;Status 0000000000000002 registered.
0000000117698615;STAT.json;GUI_DOWNLOAD;SUCCESS;C:\Users\sesa857782\Documents\idoc_experiments\0000000117698615_STAT.json;Frontend export completed.
0000000117698615;CTRL.json;GUI_DOWNLOAD;SUCCESS;C:\Users\sesa857782\Documents\idoc_experiments\0000000117698615_CTRL.json;Frontend export completed.
0000000117698615;CONTENT.xml;GUI_DOWNLOAD;SUCCESS;C:\Users\sesa857782\Documents\idoc_experiments\0000000117698615_CONTENT.xml;Frontend export completed.
0000000117698615;CTRL_TABLE;GUI_DOWNLOAD;SUCCESS;ZALE_EXP_CTRL;Status 0000000000000001 registered.
0000000117698618;STAT.json;GUI_DOWNLOAD;SUCCESS;C:\Users\sesa857782\Documents\idoc_experiments\0000000117698618_STAT.json;Frontend export completed.
0000000117698618;CTRL.json;GUI_DOWNLOAD;SUCCESS;C:\Users\sesa857782\Documents\idoc_experiments\0000000117698618_CTRL.json;Frontend export completed.
0000000117698618;CONTENT.xml;GUI_DOWNLOAD;SUCCESS;C:\Users\sesa857782\Documents\idoc_experiments\0000000117698618_CONTENT.xml;Frontend export completed.
0000000117698618;CTRL_TABLE;GUI_DOWNLOAD;SUCCESS;ZALE_EXP_CTRL;Status 0000000000000001 registered.
0000000117698621;STAT.json;GUI_DOWNLOAD;SUCCESS;C:\Users\sesa857782\Documents\idoc_experiments\0000000117698621_STAT.json;Frontend export completed.
0000000117698621;CTRL.json;GUI_DOWNLOAD;SUCCESS;C:\Users\sesa857782\Documents\idoc_experiments\0000000117698621_CTRL.json;Frontend export completed.
0000000117698621;CONTENT.xml;GUI_DOWNLOAD;SUCCESS;C:\Users\sesa857782\Documents\idoc_experiments\0000000117698621_CONTENT.xml;Frontend export completed.
0000000117698621;CTRL_TABLE;GUI_DOWNLOAD;SUCCESS;ZALE_EXP_CTRL;Status 0000000000000001 registered.
0000000117698624;STAT.json;GUI_DOWNLOAD;SUCCESS;C:\Users\sesa857782\Documents\idoc_experiments\0000000117698624_STAT.json;Frontend export completed.
0000000117698624;CTRL.json;GUI_DOWNLOAD;SUCCESS;C:\Users\sesa857782\Documents\idoc_experiments\0000000117698624_CTRL.json;Frontend export completed.
0000000117698624;CONTENT.xml;GUI_DOWNLOAD;SUCCESS;C:\Users\sesa857782\Documents\idoc_experiments\0000000117698624_CONTENT.xml;Frontend export completed.
0000000117698624;CTRL_TABLE;GUI_DOWNLOAD;SUCCESS;ZALE_EXP_CTRL;Status 0000000000000001 registered.
0000000117698626;STAT.json;GUI_DOWNLOAD;SUCCESS;C:\Users\sesa857782\Documents\idoc_experiments\0000000117698626_STAT.json;Frontend export completed.
0000000117698626;CTRL.json;GUI_DOWNLOAD;SUCCESS;C:\Users\sesa857782\Documents\idoc_experiments\0000000117698626_CTRL.json;Frontend export completed.
0000000117698626;CONTENT.xml;GUI_DOWNLOAD;SUCCESS;C:\Users\sesa857782\Documents\idoc_experiments\0000000117698626_CONTENT.xml;Frontend export completed.
0000000117698626;CTRL_TABLE;GUI_DOWNLOAD;SUCCESS;ZALE_EXP_CTRL;Status 0000000000000001 registered.
0000000117698628;STAT.json;GUI_DOWNLOAD;SUCCESS;C:\Users\sesa857782\Documents\idoc_experiments\0000000117698628_STAT.json;Frontend export completed.
0000000117698628;CTRL.json;GUI_DOWNLOAD;SUCCESS;C:\Users\sesa857782\Documents\idoc_experiments\0000000117698628_CTRL.json;Frontend export completed.
0000000117698628;CONTENT.xml;GUI_DOWNLOAD;SUCCESS;C:\Users\sesa857782\Documents\idoc_experiments\0000000117698628_CONTENT.xml;Frontend export completed.
0000000117698628;CTRL_TABLE;GUI_DOWNLOAD;SUCCESS;ZALE_EXP_CTRL;Status 0000000000000001 registered.
0000000117698630;STAT.json;GUI_DOWNLOAD;SUCCESS;C:\Users\sesa857782\Documents\idoc_experiments\0000000117698630_STAT.json;Frontend export completed.
0000000117698630;CTRL.json;GUI_DOWNLOAD;SUCCESS;C:\Users\sesa857782\Documents\idoc_experiments\0000000117698630_CTRL.json;Frontend export completed.
0000000117698630;CONTENT.xml;GUI_DOWNLOAD;SUCCESS;C:\Users\sesa857782\Documents\idoc_experiments\0000000117698630_CONTENT.xml;Frontend export completed.
0000000117698630;CTRL_TABLE;GUI_DOWNLOAD;SUCCESS;ZALE_EXP_CTRL;Status 0000000000000001 registered.
0000000117698634;STAT.json;GUI_DOWNLOAD;SUCCESS;C:\Users\sesa857782\Documents\idoc_experiments\0000000117698634_STAT.json;Frontend export completed.
0000000117698634;CTRL.json;GUI_DOWNLOAD;SUCCESS;C:\Users\sesa857782\Documents\idoc_experiments\0000000117698634_CTRL.json;Frontend export completed.
0000000117698634;CONTENT.xml;GUI_DOWNLOAD;SUCCESS;C:\Users\sesa857782\Documents\idoc_experiments\0000000117698634_CONTENT.xml;Frontend export completed.
0000000117698634;CTRL_TABLE;GUI_DOWNLOAD;SUCCESS;ZALE_EXP_CTRL;Status 0000000000000001 registered.
0000000117698636;STAT.json;GUI_DOWNLOAD;SUCCESS;C:\Users\sesa857782\Documents\idoc_experiments\0000000117698636_STAT.json;Frontend export completed.
0000000117698636;CTRL.json;GUI_DOWNLOAD;SUCCESS;C:\Users\sesa857782\Documents\idoc_experiments\0000000117698636_CTRL.json;Frontend export completed.
0000000117698636;CONTENT.xml;GUI_DOWNLOAD;SUCCESS;C:\Users\sesa857782\Documents\idoc_experiments\0000000117698636_CONTENT.xml;Frontend export completed.
0000000117698636;CTRL_TABLE;GUI_DOWNLOAD;SUCCESS;ZALE_EXP_CTRL;Status 0000000000000001 registered.
0000000117698638;STAT.json;GUI_DOWNLOAD;SUCCESS;C:\Users\sesa857782\Documents\idoc_experiments\0000000117698638_STAT.json;Frontend export completed.
0000000117698638;CTRL.json;GUI_DOWNLOAD;SUCCESS;C:\Users\sesa857782\Documents\idoc_experiments\0000000117698638_CTRL.json;Frontend export completed.
0000000117698638;CONTENT.xml;GUI_DOWNLOAD;SUCCESS;C:\Users\sesa857782\Documents\idoc_experiments\0000000117698638_CONTENT.xml;Frontend export completed.
0000000117698638;CTRL_TABLE;GUI_DOWNLOAD;SUCCESS;ZALE_EXP_CTRL;Status 0000000000000001 registered.
0000000117698640;STAT.json;GUI_DOWNLOAD;SUCCESS;C:\Users\sesa857782\Documents\idoc_experiments\0000000117698640_STAT.json;Frontend export completed.
0000000117698640;CTRL.json;GUI_DOWNLOAD;SUCCESS;C:\Users\sesa857782\Documents\idoc_experiments\0000000117698640_CTRL.json;Frontend export completed.
0000000117698640;CONTENT.xml;GUI_DOWNLOAD;SUCCESS;C:\Users\sesa857782\Documents\idoc_experiments\0000000117698640_CONTENT.xml;Frontend export completed.
0000000117698640;CTRL_TABLE;GUI_DOWNLOAD;SUCCESS;ZALE_EXP_CTRL;Status 0000000000000001 registered.
0000000117698642;STAT.json;GUI_DOWNLOAD;SUCCESS;C:\Users\sesa857782\Documents\idoc_experiments\0000000117698642_STAT.json;Frontend export completed.
0000000117698642;CTRL.json;GUI_DOWNLOAD;SUCCESS;C:\Users\sesa857782\Documents\idoc_experiments\0000000117698642_CTRL.json;Frontend export completed.
0000000117698642;CONTENT.xml;GUI_DOWNLOAD;SUCCESS;C:\Users\sesa857782\Documents\idoc_experiments\0000000117698642_CONTENT.xml;Frontend export completed.
0000000117698642;CTRL_TABLE;GUI_DOWNLOAD;SUCCESS;ZALE_EXP_CTRL;Status 0000000000000001 registered.
0000000117698644;STAT.json;GUI_DOWNLOAD;SUCCESS;C:\Users\sesa857782\Documents\idoc_experiments\0000000117698644_STAT.json;Frontend export completed.
0000000117698644;CTRL.json;GUI_DOWNLOAD;SUCCESS;C:\Users\sesa857782\Documents\idoc_experiments\0000000117698644_CTRL.json;Frontend export completed.
0000000117698644;CONTENT.xml;GUI_DOWNLOAD;SUCCESS;C:\Users\sesa857782\Documents\idoc_experiments\0000000117698644_CONTENT.xml;Frontend export completed.
0000000117698644;CTRL_TABLE;GUI_DOWNLOAD;SUCCESS;ZALE_EXP_CTRL;Status 0000000000000001 registered.
0000000117698653;STAT.json;GUI_DOWNLOAD;SUCCESS;C:\Users\sesa857782\Documents\idoc_experiments\0000000117698653_STAT.json;Frontend export completed.
0000000117698653;CTRL.json;GUI_DOWNLOAD;SUCCESS;C:\Users\sesa857782\Documents\idoc_experiments\0000000117698653_CTRL.json;Frontend export completed.
0000000117698653;CONTENT.xml;GUI_DOWNLOAD;SUCCESS;C:\Users\sesa857782\Documents\idoc_experiments\0000000117698653_CONTENT.xml;Frontend export completed.
0000000117698653;CTRL_TABLE;GUI_DOWNLOAD;SUCCESS;ZALE_EXP_CTRL;Status 0000000000000001 registered.
0000000117698655;STAT.json;GUI_DOWNLOAD;SUCCESS;C:\Users\sesa857782\Documents\idoc_experiments\0000000117698655_STAT.json;Frontend export completed.
0000000117698655;CTRL.json;GUI_DOWNLOAD;SUCCESS;C:\Users\sesa857782\Documents\idoc_experiments\0000000117698655_CTRL.json;Frontend export completed.
0000000117698655;CONTENT.xml;GUI_DOWNLOAD;SUCCESS;C:\Users\sesa857782\Documents\idoc_experiments\0000000117698655_CONTENT.xml;Frontend export completed.
0000000117698655;CTRL_TABLE;GUI_DOWNLOAD;SUCCESS;ZALE_EXP_CTRL;Status 0000000000000001 registered.
0000000117698657;STAT.json;GUI_DOWNLOAD;SUCCESS;C:\Users\sesa857782\Documents\idoc_experiments\0000000117698657_STAT.json;Frontend export completed.
0000000117698657;CTRL.json;GUI_DOWNLOAD;SUCCESS;C:\Users\sesa857782\Documents\idoc_experiments\0000000117698657_CTRL.json;Frontend export completed.
0000000117698657;CONTENT.xml;GUI_DOWNLOAD;SUCCESS;C:\Users\sesa857782\Documents\idoc_experiments\0000000117698657_CONTENT.xml;Frontend export completed.
0000000117698657;CTRL_TABLE;GUI_DOWNLOAD;SUCCESS;ZALE_EXP_CTRL;Status 0000000000000001 registered.
0000000117698659;STAT.json;GUI_DOWNLOAD;SUCCESS;C:\Users\sesa857782\Documents\idoc_experiments\0000000117698659_STAT.json;Frontend export completed.
0000000117698659;CTRL.json;GUI_DOWNLOAD;SUCCESS;C:\Users\sesa857782\Documents\idoc_experiments\0000000117698659_CTRL.json;Frontend export completed.
0000000117698659;CONTENT.xml;GUI_DOWNLOAD;SUCCESS;C:\Users\sesa857782\Documents\idoc_experiments\0000000117698659_CONTENT.xml;Frontend export completed.
0000000117698659;CTRL_TABLE;GUI_DOWNLOAD;SUCCESS;ZALE_EXP_CTRL;Status 0000000000000001 registered.
0000000117698661;STAT.json;GUI_DOWNLOAD;SUCCESS;C:\Users\sesa857782\Documents\idoc_experiments\0000000117698661_STAT.json;Frontend export completed.
0000000117698661;CTRL.json;GUI_DOWNLOAD;SUCCESS;C:\Users\sesa857782\Documents\idoc_experiments\0000000117698661_CTRL.json;Frontend export completed.
0000000117698661;CONTENT.xml;GUI_DOWNLOAD;SUCCESS;C:\Users\sesa857782\Documents\idoc_experiments\0000000117698661_CONTENT.xml;Frontend export completed.
0000000117698661;CTRL_TABLE;GUI_DOWNLOAD;SUCCESS;ZALE_EXP_CTRL;Status 0000000000000001 registered.
0000000117698663;STAT.json;GUI_DOWNLOAD;SUCCESS;C:\Users\sesa857782\Documents\idoc_experiments\0000000117698663_STAT.json;Frontend export completed.
0000000117698663;CTRL.json;GUI_DOWNLOAD;SUCCESS;C:\Users\sesa857782\Documents\idoc_experiments\0000000117698663_CTRL.json;Frontend export completed.
0000000117698663;CONTENT.xml;GUI_DOWNLOAD;SUCCESS;C:\Users\sesa857782\Documents\idoc_experiments\0000000117698663_CONTENT.xml;Frontend export completed.
0000000117698663;CTRL_TABLE;GUI_DOWNLOAD;SUCCESS;ZALE_EXP_CTRL;Status 0000000000000001 registered.
0000000117698665;STAT.json;GUI_DOWNLOAD;SUCCESS;C:\Users\sesa857782\Documents\idoc_experiments\0000000117698665_STAT.json;Frontend export completed.
0000000117698665;CTRL.json;GUI_DOWNLOAD;SUCCESS;C:\Users\sesa857782\Documents\idoc_experiments\0000000117698665_CTRL.json;Frontend export completed.
0000000117698665;CONTENT.xml;GUI_DOWNLOAD;SUCCESS;C:\Users\sesa857782\Documents\idoc_experiments\0000000117698665_CONTENT.xml;Frontend export completed.
0000000117698665;CTRL_TABLE;GUI_DOWNLOAD;SUCCESS;ZALE_EXP_CTRL;Status 0000000000000001 registered.
0000000117698668;STAT.json;GUI_DOWNLOAD;SUCCESS;C:\Users\sesa857782\Documents\idoc_experiments\0000000117698668_STAT.json;Frontend export completed.
0000000117698668;CTRL.json;GUI_DOWNLOAD;SUCCESS;C:\Users\sesa857782\Documents\idoc_experiments\0000000117698668_CTRL.json;Frontend export completed.
0000000117698668;CONTENT.xml;GUI_DOWNLOAD;SUCCESS;C:\Users\sesa857782\Documents\idoc_experiments\0000000117698668_CONTENT.xml;Frontend export completed.
0000000117698668;CTRL_TABLE;GUI_DOWNLOAD;SUCCESS;ZALE_EXP_CTRL;Status 0000000000000001 registered.
0000000117698680;STAT.json;GUI_DOWNLOAD;SUCCESS;C:\Users\sesa857782\Documents\idoc_experiments\0000000117698680_STAT.json;Frontend export completed.
0000000117698680;CTRL.json;GUI_DOWNLOAD;SUCCESS;C:\Users\sesa857782\Documents\idoc_experiments\0000000117698680_CTRL.json;Frontend export completed.
0000000117698680;CONTENT.xml;GUI_DOWNLOAD;SUCCESS;C:\Users\sesa857782\Documents\idoc_experiments\0000000117698680_CONTENT.xml;Frontend export completed.
0000000117698680;CTRL_TABLE;GUI_DOWNLOAD;SUCCESS;ZALE_EXP_CTRL;Status 0000000000000004 registered.
0000000117698682;STAT.json;GUI_DOWNLOAD;SUCCESS;C:\Users\sesa857782\Documents\idoc_experiments\0000000117698682_STAT.json;Frontend export completed.
0000000117698682;CTRL.json;GUI_DOWNLOAD;SUCCESS;C:\Users\sesa857782\Documents\idoc_experiments\0000000117698682_CTRL.json;Frontend export completed.
0000000117698682;CONTENT.xml;GUI_DOWNLOAD;SUCCESS;C:\Users\sesa857782\Documents\idoc_experiments\0000000117698682_CONTENT.xml;Frontend export completed.
0000000117698682;CTRL_TABLE;GUI_DOWNLOAD;SUCCESS;ZALE_EXP_CTRL;Status 0000000000000001 registered.
0000000117698686;STAT.json;GUI_DOWNLOAD;SUCCESS;C:\Users\sesa857782\Documents\idoc_experiments\0000000117698686_STAT.json;Frontend export completed.
0000000117698686;CTRL.json;GUI_DOWNLOAD;SUCCESS;C:\Users\sesa857782\Documents\idoc_experiments\0000000117698686_CTRL.json;Frontend export completed.
0000000117698686;CONTENT.xml;GUI_DOWNLOAD;SUCCESS;C:\Users\sesa857782\Documents\idoc_experiments\0000000117698686_CONTENT.xml;Frontend export completed.
0000000117698686;CTRL_TABLE;GUI_DOWNLOAD;SUCCESS;ZALE_EXP_CTRL;Status 0000000000000004 registered.
0000000117698688;STAT.json;GUI_DOWNLOAD;SUCCESS;C:\Users\sesa857782\Documents\idoc_experiments\0000000117698688_STAT.json;Frontend export completed.
0000000117698688;CTRL.json;GUI_DOWNLOAD;SUCCESS;C:\Users\sesa857782\Documents\idoc_experiments\0000000117698688_CTRL.json;Frontend export completed.
0000000117698688;CONTENT.xml;GUI_DOWNLOAD;SUCCESS;C:\Users\sesa857782\Documents\idoc_experiments\0000000117698688_CONTENT.xml;Frontend export completed.
0000000117698688;CTRL_TABLE;GUI_DOWNLOAD;SUCCESS;ZALE_EXP_CTRL;Status 0000000000000004 registered.
0000000117698691;STAT.json;GUI_DOWNLOAD;SUCCESS;C:\Users\sesa857782\Documents\idoc_experiments\0000000117698691_STAT.json;Frontend export completed.
0000000117698691;CTRL.json;GUI_DOWNLOAD;SUCCESS;C:\Users\sesa857782\Documents\idoc_experiments\0000000117698691_CTRL.json;Frontend export completed.
0000000117698691;CONTENT.xml;GUI_DOWNLOAD;SUCCESS;C:\Users\sesa857782\Documents\idoc_experiments\0000000117698691_CONTENT.xml;Frontend export completed.
0000000117698691;CTRL_TABLE;GUI_DOWNLOAD;SUCCESS;ZALE_EXP_CTRL;Status 0000000000000001 registered.
0000000117698703;STAT.json;GUI_DOWNLOAD;SUCCESS;C:\Users\sesa857782\Documents\idoc_experiments\0000000117698703_STAT.json;Frontend export completed.
0000000117698703;CTRL.json;GUI_DOWNLOAD;SUCCESS;C:\Users\sesa857782\Documents\idoc_experiments\0000000117698703_CTRL.json;Frontend export completed.
0000000117698703;CONTENT.xml;GUI_DOWNLOAD;SUCCESS;C:\Users\sesa857782\Documents\idoc_experiments\0000000117698703_CONTENT.xml;Frontend export completed.
0000000117698703;CTRL_TABLE;GUI_DOWNLOAD;SUCCESS;ZALE_EXP_CTRL;Status 0000000000000001 registered.
0000000117698729;STAT.json;GUI_DOWNLOAD;SUCCESS;C:\Users\sesa857782\Documents\idoc_experiments\0000000117698729_STAT.json;Frontend export completed.
0000000117698729;CTRL.json;GUI_DOWNLOAD;SUCCESS;C:\Users\sesa857782\Documents\idoc_experiments\0000000117698729_CTRL.json;Frontend export completed.
0000000117698729;CONTENT.xml;GUI_DOWNLOAD;SUCCESS;C:\Users\sesa857782\Documents\idoc_experiments\0000000117698729_CONTENT.xml;Frontend export completed.
0000000117698729;CTRL_TABLE;GUI_DOWNLOAD;SUCCESS;ZALE_EXP_CTRL;Status 0000000000000001 registered.
0000000117698731;STAT.json;GUI_DOWNLOAD;SUCCESS;C:\Users\sesa857782\Documents\idoc_experiments\0000000117698731_STAT.json;Frontend export completed.
0000000117698731;CTRL.json;GUI_DOWNLOAD;SUCCESS;C:\Users\sesa857782\Documents\idoc_experiments\0000000117698731_CTRL.json;Frontend export completed.
0000000117698731;CONTENT.xml;GUI_DOWNLOAD;SUCCESS;C:\Users\sesa857782\Documents\idoc_experiments\0000000117698731_CONTENT.xml;Frontend export completed.
0000000117698731;CTRL_TABLE;GUI_DOWNLOAD;SUCCESS;ZALE_EXP_CTRL;Status 0000000000000001 registered.
0000000117698733;STAT.json;GUI_DOWNLOAD;SUCCESS;C:\Users\sesa857782\Documents\idoc_experiments\0000000117698733_STAT.json;Frontend export completed.
0000000117698733;CTRL.json;GUI_DOWNLOAD;SUCCESS;C:\Users\sesa857782\Documents\idoc_experiments\0000000117698733_CTRL.json;Frontend export completed.
0000000117698733;CONTENT.xml;GUI_DOWNLOAD;SUCCESS;C:\Users\sesa857782\Documents\idoc_experiments\0000000117698733_CONTENT.xml;Frontend export completed.
0000000117698733;CTRL_TABLE;GUI_DOWNLOAD;SUCCESS;ZALE_EXP_CTRL;Status 0000000000000001 registered.
0000000117698735;STAT.json;GUI_DOWNLOAD;SUCCESS;C:\Users\sesa857782\Documents\idoc_experiments\0000000117698735_STAT.json;Frontend export completed.
0000000117698735;CTRL.json;GUI_DOWNLOAD;SUCCESS;C:\Users\sesa857782\Documents\idoc_experiments\0000000117698735_CTRL.json;Frontend export completed.
0000000117698735;CONTENT.xml;GUI_DOWNLOAD;SUCCESS;C:\Users\sesa857782\Documents\idoc_experiments\0000000117698735_CONTENT.xml;Frontend export completed.
0000000117698735;CTRL_TABLE;GUI_DOWNLOAD;SUCCESS;ZALE_EXP_CTRL;Status 0000000000000001 registered.
0000000117698737;STAT.json;GUI_DOWNLOAD;SUCCESS;C:\Users\sesa857782\Documents\idoc_experiments\0000000117698737_STAT.json;Frontend export completed.
0000000117698737;CTRL.json;GUI_DOWNLOAD;SUCCESS;C:\Users\sesa857782\Documents\idoc_experiments\0000000117698737_CTRL.json;Frontend export completed.
0000000117698737;CONTENT.xml;GUI_DOWNLOAD;SUCCESS;C:\Users\sesa857782\Documents\idoc_experiments\0000000117698737_CONTENT.xml;Frontend export completed.
0000000117698737;CTRL_TABLE;GUI_DOWNLOAD;SUCCESS;ZALE_EXP_CTRL;Status 0000000000000001 registered.
0000000117698739;STAT.json;GUI_DOWNLOAD;SUCCESS;C:\Users\sesa857782\Documents\idoc_experiments\0000000117698739_STAT.json;Frontend export completed.
0000000117698739;CTRL.json;GUI_DOWNLOAD;SUCCESS;C:\Users\sesa857782\Documents\idoc_experiments\0000000117698739_CTRL.json;Frontend export completed.
0000000117698739;CONTENT.xml;GUI_DOWNLOAD;SUCCESS;C:\Users\sesa857782\Documents\idoc_experiments\0000000117698739_CONTENT.xml;Frontend export completed.
0000000117698739;CTRL_TABLE;GUI_DOWNLOAD;SUCCESS;ZALE_EXP_CTRL;Status 0000000000000001 registered.
0000000117698740;STAT.json;GUI_DOWNLOAD;SUCCESS;C:\Users\sesa857782\Documents\idoc_experiments\0000000117698740_STAT.json;Frontend export completed.
0000000117698740;CTRL.json;GUI_DOWNLOAD;SUCCESS;C:\Users\sesa857782\Documents\idoc_experiments\0000000117698740_CTRL.json;Frontend export completed.
0000000117698740;CONTENT.xml;GUI_DOWNLOAD;SUCCESS;C:\Users\sesa857782\Documents\idoc_experiments\0000000117698740_CONTENT.xml;Frontend export completed.
0000000117698740;CTRL_TABLE;GUI_DOWNLOAD;SUCCESS;ZALE_EXP_CTRL;Status 0000000000000002 registered.
0000000117698742;STAT.json;GUI_DOWNLOAD;SUCCESS;C:\Users\sesa857782\Documents\idoc_experiments\0000000117698742_STAT.json;Frontend export completed.
0000000117698742;CTRL.json;GUI_DOWNLOAD;SUCCESS;C:\Users\sesa857782\Documents\idoc_experiments\0000000117698742_CTRL.json;Frontend export completed.
0000000117698742;CONTENT.xml;GUI_DOWNLOAD;SUCCESS;C:\Users\sesa857782\Documents\idoc_experiments\0000000117698742_CONTENT.xml;Frontend export completed.
0000000117698742;CTRL_TABLE;GUI_DOWNLOAD;SUCCESS;ZALE_EXP_CTRL;Status 0000000000000001 registered.
0000000117698744;STAT.json;GUI_DOWNLOAD;SUCCESS;C:\Users\sesa857782\Documents\idoc_experiments\0000000117698744_STAT.json;Frontend export completed.
0000000117698744;CTRL.json;GUI_DOWNLOAD;SUCCESS;C:\Users\sesa857782\Documents\idoc_experiments\0000000117698744_CTRL.json;Frontend export completed.
0000000117698744;CONTENT.xml;GUI_DOWNLOAD;SUCCESS;C:\Users\sesa857782\Documents\idoc_experiments\0000000117698744_CONTENT.xml;Frontend export completed.
0000000117698744;CTRL_TABLE;GUI_DOWNLOAD;SUCCESS;ZALE_EXP_CTRL;Status 0000000000000001 registered.
0000000117699002;STAT.json;GUI_DOWNLOAD;SUCCESS;C:\Users\sesa857782\Documents\idoc_experiments\0000000117699002_STAT.json;Frontend export completed.
0000000117699002;CTRL.json;GUI_DOWNLOAD;SUCCESS;C:\Users\sesa857782\Documents\idoc_experiments\0000000117699002_CTRL.json;Frontend export completed.
0000000117699002;CONTENT.xml;GUI_DOWNLOAD;SUCCESS;C:\Users\sesa857782\Documents\idoc_experiments\0000000117699002_CONTENT.xml;Frontend export completed.
0000000117699002;CTRL_TABLE;GUI_DOWNLOAD;SUCCESS;ZALE_EXP_CTRL;Status 0000000000000003 registered.
0000000117699003;STAT.json;GUI_DOWNLOAD;SUCCESS;C:\Users\sesa857782\Documents\idoc_experiments\0000000117699003_STAT.json;Frontend export completed.
0000000117699003;CTRL.json;GUI_DOWNLOAD;SUCCESS;C:\Users\sesa857782\Documents\idoc_experiments\0000000117699003_CTRL.json;Frontend export completed.
0000000117699003;CONTENT.xml;GUI_DOWNLOAD;SUCCESS;C:\Users\sesa857782\Documents\idoc_experiments\0000000117699003_CONTENT.xml;Frontend export completed.
0000000117699003;CTRL_TABLE;GUI_DOWNLOAD;SUCCESS;ZALE_EXP_CTRL;Status 0000000000000003 registered.
0000000117699005;STAT.json;GUI_DOWNLOAD;SUCCESS;C:\Users\sesa857782\Documents\idoc_experiments\0000000117699005_STAT.json;Frontend export completed.
0000000117699005;CTRL.json;GUI_DOWNLOAD;SUCCESS;C:\Users\sesa857782\Documents\idoc_experiments\0000000117699005_CTRL.json;Frontend export completed.
0000000117699005;CONTENT.xml;GUI_DOWNLOAD;SUCCESS;C:\Users\sesa857782\Documents\idoc_experiments\0000000117699005_CONTENT.xml;Frontend export completed.
0000000117699005;CTRL_TABLE;GUI_DOWNLOAD;SUCCESS;ZALE_EXP_CTRL;Status 0000000000000001 registered.
0000000117699007;STAT.json;GUI_DOWNLOAD;SUCCESS;C:\Users\sesa857782\Documents\idoc_experiments\0000000117699007_STAT.json;Frontend export completed.
0000000117699007;CTRL.json;GUI_DOWNLOAD;SUCCESS;C:\Users\sesa857782\Documents\idoc_experiments\0000000117699007_CTRL.json;Frontend export completed.
0000000117699007;CONTENT.xml;GUI_DOWNLOAD;SUCCESS;C:\Users\sesa857782\Documents\idoc_experiments\0000000117699007_CONTENT.xml;Frontend export completed.
0000000117699007;CTRL_TABLE;GUI_DOWNLOAD;SUCCESS;ZALE_EXP_CTRL;Status 0000000000000002 registered.
0000000117699009;STAT.json;GUI_DOWNLOAD;SUCCESS;C:\Users\sesa857782\Documents\idoc_experiments\0000000117699009_STAT.json;Frontend export completed.
0000000117699009;CTRL.json;GUI_DOWNLOAD;SUCCESS;C:\Users\sesa857782\Documents\idoc_experiments\0000000117699009_CTRL.json;Frontend export completed.
0000000117699009;CONTENT.xml;GUI_DOWNLOAD;SUCCESS;C:\Users\sesa857782\Documents\idoc_experiments\0000000117699009_CONTENT.xml;Frontend export completed.
0000000117699009;CTRL_TABLE;GUI_DOWNLOAD;SUCCESS;ZALE_EXP_CTRL;Status 0000000000000001 registered.
0000000117699011;STAT.json;GUI_DOWNLOAD;SUCCESS;C:\Users\sesa857782\Documents\idoc_experiments\0000000117699011_STAT.json;Frontend export completed.
0000000117699011;CTRL.json;GUI_DOWNLOAD;SUCCESS;C:\Users\sesa857782\Documents\idoc_experiments\0000000117699011_CTRL.json;Frontend export completed.
0000000117699011;CONTENT.xml;GUI_DOWNLOAD;SUCCESS;C:\Users\sesa857782\Documents\idoc_experiments\0000000117699011_CONTENT.xml;Frontend export completed.
0000000117699011;CTRL_TABLE;GUI_DOWNLOAD;SUCCESS;ZALE_EXP_CTRL;Status 0000000000000001 registered.
0000000117699013;STAT.json;GUI_DOWNLOAD;SUCCESS;C:\Users\sesa857782\Documents\idoc_experiments\0000000117699013_STAT.json;Frontend export completed.
0000000117699013;CTRL.json;GUI_DOWNLOAD;SUCCESS;C:\Users\sesa857782\Documents\idoc_experiments\0000000117699013_CTRL.json;Frontend export completed.
0000000117699013;CONTENT.xml;GUI_DOWNLOAD;SUCCESS;C:\Users\sesa857782\Documents\idoc_experiments\0000000117699013_CONTENT.xml;Frontend export completed.
0000000117699013;CTRL_TABLE;GUI_DOWNLOAD;SUCCESS;ZALE_EXP_CTRL;Status 0000000000000001 registered.
0000000117699015;STAT.json;GUI_DOWNLOAD;SUCCESS;C:\Users\sesa857782\Documents\idoc_experiments\0000000117699015_STAT.json;Frontend export completed.
0000000117699015;CTRL.json;GUI_DOWNLOAD;SUCCESS;C:\Users\sesa857782\Documents\idoc_experiments\0000000117699015_CTRL.json;Frontend export completed.
0000000117699015;CONTENT.xml;GUI_DOWNLOAD;SUCCESS;C:\Users\sesa857782\Documents\idoc_experiments\0000000117699015_CONTENT.xml;Frontend export completed.
0000000117699015;CTRL_TABLE;GUI_DOWNLOAD;SUCCESS;ZALE_EXP_CTRL;Status 0000000000000001 registered.
0000000117699017;STAT.json;GUI_DOWNLOAD;SUCCESS;C:\Users\sesa857782\Documents\idoc_experiments\0000000117699017_STAT.json;Frontend export completed.
0000000117699017;CTRL.json;GUI_DOWNLOAD;SUCCESS;C:\Users\sesa857782\Documents\idoc_experiments\0000000117699017_CTRL.json;Frontend export completed.
0000000117699017;CONTENT.xml;GUI_DOWNLOAD;SUCCESS;C:\Users\sesa857782\Documents\idoc_experiments\0000000117699017_CONTENT.xml;Frontend export completed.
0000000117699017;CTRL_TABLE;GUI_DOWNLOAD;SUCCESS;ZALE_EXP_CTRL;Status 0000000000000001 registered.
0000000117699019;STAT.json;GUI_DOWNLOAD;SUCCESS;C:\Users\sesa857782\Documents\idoc_experiments\0000000117699019_STAT.json;Frontend export completed.
0000000117699019;CTRL.json;GUI_DOWNLOAD;SUCCESS;C:\Users\sesa857782\Documents\idoc_experiments\0000000117699019_CTRL.json;Frontend export completed.
0000000117699019;CONTENT.xml;GUI_DOWNLOAD;SUCCESS;C:\Users\sesa857782\Documents\idoc_experiments\0000000117699019_CONTENT.xml;Frontend export completed.
0000000117699019;CTRL_TABLE;GUI_DOWNLOAD;SUCCESS;ZALE_EXP_CTRL;Status 0000000000000001 registered.
0000000117699023;STAT.json;GUI_DOWNLOAD;SUCCESS;C:\Users\sesa857782\Documents\idoc_experiments\0000000117699023_STAT.json;Frontend export completed.
0000000117699023;CTRL.json;GUI_DOWNLOAD;SUCCESS;C:\Users\sesa857782\Documents\idoc_experiments\0000000117699023_CTRL.json;Frontend export completed.
0000000117699023;CONTENT.xml;GUI_DOWNLOAD;SUCCESS;C:\Users\sesa857782\Documents\idoc_experiments\0000000117699023_CONTENT.xml;Frontend export completed.
0000000117699023;CTRL_TABLE;GUI_DOWNLOAD;SUCCESS;ZALE_EXP_CTRL;Status 0000000000000001 registered.
0000000117699032;STAT.json;GUI_DOWNLOAD;SUCCESS;C:\Users\sesa857782\Documents\idoc_experiments\0000000117699032_STAT.json;Frontend export completed.
0000000117699032;CTRL.json;GUI_DOWNLOAD;SUCCESS;C:\Users\sesa857782\Documents\idoc_experiments\0000000117699032_CTRL.json;Frontend export completed.
0000000117699032;CONTENT.xml;GUI_DOWNLOAD;SUCCESS;C:\Users\sesa857782\Documents\idoc_experiments\0000000117699032_CONTENT.xml;Frontend export completed.
0000000117699032;CTRL_TABLE;GUI_DOWNLOAD;SUCCESS;ZALE_EXP_CTRL;Status 0000000000000001 registered.
0000000117699041;STAT.json;GUI_DOWNLOAD;SUCCESS;C:\Users\sesa857782\Documents\idoc_experiments\0000000117699041_STAT.json;Frontend export completed.
0000000117699041;CTRL.json;GUI_DOWNLOAD;SUCCESS;C:\Users\sesa857782\Documents\idoc_experiments\0000000117699041_CTRL.json;Frontend export completed.
0000000117699041;CONTENT.xml;GUI_DOWNLOAD;SUCCESS;C:\Users\sesa857782\Documents\idoc_experiments\0000000117699041_CONTENT.xml;Frontend export completed.
0000000117699041;CTRL_TABLE;GUI_DOWNLOAD;SUCCESS;ZALE_EXP_CTRL;Status 0000000000000001 registered.
0000000117699043;STAT.json;GUI_DOWNLOAD;SUCCESS;C:\Users\sesa857782\Documents\idoc_experiments\0000000117699043_STAT.json;Frontend export completed.
0000000117699043;CTRL.json;GUI_DOWNLOAD;SUCCESS;C:\Users\sesa857782\Documents\idoc_experiments\0000000117699043_CTRL.json;Frontend export completed.
0000000117699043;CONTENT.xml;GUI_DOWNLOAD;SUCCESS;C:\Users\sesa857782\Documents\idoc_experiments\0000000117699043_CONTENT.xml;Frontend export completed.
0000000117699043;CTRL_TABLE;GUI_DOWNLOAD;SUCCESS;ZALE_EXP_CTRL;Status 0000000000000001 registered.
0000000117699045;STAT.json;GUI_DOWNLOAD;SUCCESS;C:\Users\sesa857782\Documents\idoc_experiments\0000000117699045_STAT.json;Frontend export completed.
0000000117699045;CTRL.json;GUI_DOWNLOAD;SUCCESS;C:\Users\sesa857782\Documents\idoc_experiments\0000000117699045_CTRL.json;Frontend export completed.
0000000117699045;CONTENT.xml;GUI_DOWNLOAD;SUCCESS;C:\Users\sesa857782\Documents\idoc_experiments\0000000117699045_CONTENT.xml;Frontend export completed.
0000000117699045;CTRL_TABLE;GUI_DOWNLOAD;SUCCESS;ZALE_EXP_CTRL;Status 0000000000000001 registered.
0000000117699047;STAT.json;GUI_DOWNLOAD;SUCCESS;C:\Users\sesa857782\Documents\idoc_experiments\0000000117699047_STAT.json;Frontend export completed.
0000000117699047;CTRL.json;GUI_DOWNLOAD;SUCCESS;C:\Users\sesa857782\Documents\idoc_experiments\0000000117699047_CTRL.json;Frontend export completed.
0000000117699047;CONTENT.xml;GUI_DOWNLOAD;SUCCESS;C:\Users\sesa857782\Documents\idoc_experiments\0000000117699047_CONTENT.xml;Frontend export completed.
0000000117699047;CTRL_TABLE;GUI_DOWNLOAD;SUCCESS;ZALE_EXP_CTRL;Status 0000000000000001 registered.
0000000117699070;STAT.json;GUI_DOWNLOAD;SUCCESS;C:\Users\sesa857782\Documents\idoc_experiments\0000000117699070_STAT.json;Frontend export completed.
0000000117699070;CTRL.json;GUI_DOWNLOAD;SUCCESS;C:\Users\sesa857782\Documents\idoc_experiments\0000000117699070_CTRL.json;Frontend export completed.
0000000117699070;CONTENT.xml;GUI_DOWNLOAD;SUCCESS;C:\Users\sesa857782\Documents\idoc_experiments\0000000117699070_CONTENT.xml;Frontend export completed.
0000000117699070;CTRL_TABLE;GUI_DOWNLOAD;SUCCESS;ZALE_EXP_CTRL;Status 0000000000000001 registered.
0000000117699072;STAT.json;GUI_DOWNLOAD;SUCCESS;C:\Users\sesa857782\Documents\idoc_experiments\0000000117699072_STAT.json;Frontend export completed.
0000000117699072;CTRL.json;GUI_DOWNLOAD;SUCCESS;C:\Users\sesa857782\Documents\idoc_experiments\0000000117699072_CTRL.json;Frontend export completed.
0000000117699072;CONTENT.xml;GUI_DOWNLOAD;SUCCESS;C:\Users\sesa857782\Documents\idoc_experiments\0000000117699072_CONTENT.xml;Frontend export completed.
0000000117699072;CTRL_TABLE;GUI_DOWNLOAD;SUCCESS;ZALE_EXP_CTRL;Status 0000000000000001 registered.
0000000117699074;STAT.json;GUI_DOWNLOAD;SUCCESS;C:\Users\sesa857782\Documents\idoc_experiments\0000000117699074_STAT.json;Frontend export completed.
0000000117699074;CTRL.json;GUI_DOWNLOAD;SUCCESS;C:\Users\sesa857782\Documents\idoc_experiments\0000000117699074_CTRL.json;Frontend export completed.
0000000117699074;CONTENT.xml;GUI_DOWNLOAD;SUCCESS;C:\Users\sesa857782\Documents\idoc_experiments\0000000117699074_CONTENT.xml;Frontend export completed.
0000000117699074;CTRL_TABLE;GUI_DOWNLOAD;SUCCESS;ZALE_EXP_CTRL;Status 0000000000000001 registered.
0000000117699076;STAT.json;GUI_DOWNLOAD;SUCCESS;C:\Users\sesa857782\Documents\idoc_experiments\0000000117699076_STAT.json;Frontend export completed.
0000000117699076;CTRL.json;GUI_DOWNLOAD;SUCCESS;C:\Users\sesa857782\Documents\idoc_experiments\0000000117699076_CTRL.json;Frontend export completed.
0000000117699076;CONTENT.xml;GUI_DOWNLOAD;SUCCESS;C:\Users\sesa857782\Documents\idoc_experiments\0000000117699076_CONTENT.xml;Frontend export completed.
0000000117699076;CTRL_TABLE;GUI_DOWNLOAD;SUCCESS;ZALE_EXP_CTRL;Status 0000000000000001 registered.
0000000117700008;SKIPPED;GUI_DOWNLOAD;SUCCESS;;Status record already exported. Skipped.
0000000117700011;SKIPPED;GUI_DOWNLOAD;SUCCESS;;Status record already exported. Skipped.
0000000117700013;SKIPPED;GUI_DOWNLOAD;SUCCESS;;Status record already exported. Skipped.
0000000117700017;SKIPPED;GUI_DOWNLOAD;SUCCESS;;Status record already exported. Skipped.
0000000117700019;SKIPPED;GUI_DOWNLOAD;SUCCESS;;Status record already exported. Skipped.
0000000117700021;SKIPPED;GUI_DOWNLOAD;SUCCESS;;Status record already exported. Skipped.
0000000117700027;SKIPPED;GUI_DOWNLOAD;SUCCESS;;Status record already exported. Skipped.
0000000117700029;SKIPPED;GUI_DOWNLOAD;SUCCESS;;Status record already exported. Skipped.
0000000117700031;SKIPPED;GUI_DOWNLOAD;SUCCESS;;Status record already exported. Skipped.
0000000117700042;SKIPPED;GUI_DOWNLOAD;SUCCESS;;Status record already exported. Skipped.
0000000117700044;SKIPPED;GUI_DOWNLOAD;SUCCESS;;Status record already exported. Skipped.
0000000117700049;SKIPPED;GUI_DOWNLOAD;SUCCESS;;Status record already exported. Skipped.
0000000117700051;SKIPPED;GUI_DOWNLOAD;SUCCESS;;Status record already exported. Skipped.
0000000117700060;STAT.json;GUI_DOWNLOAD;SUCCESS;C:\Users\sesa857782\Documents\idoc_experiments\0000000117700060_STAT.json;Frontend export completed.
0000000117700060;CTRL.json;GUI_DOWNLOAD;SUCCESS;C:\Users\sesa857782\Documents\idoc_experiments\0000000117700060_CTRL.json;Frontend export completed.
0000000117700060;CONTENT.xml;GUI_DOWNLOAD;SUCCESS;C:\Users\sesa857782\Documents\idoc_experiments\0000000117700060_CONTENT.xml;Frontend export completed.
0000000117700060;CTRL_TABLE;GUI_DOWNLOAD;SUCCESS;ZALE_EXP_CTRL;Status 0000000000000001 registered.
0000000117700063;STAT.json;GUI_DOWNLOAD;SUCCESS;C:\Users\sesa857782\Documents\idoc_experiments\0000000117700063_STAT.json;Frontend export completed.
0000000117700063;CTRL.json;GUI_DOWNLOAD;SUCCESS;C:\Users\sesa857782\Documents\idoc_experiments\0000000117700063_CTRL.json;Frontend export completed.
0000000117700063;CONTENT.xml;GUI_DOWNLOAD;SUCCESS;C:\Users\sesa857782\Documents\idoc_experiments\0000000117700063_CONTENT.xml;Frontend export completed.
0000000117700063;CTRL_TABLE;GUI_DOWNLOAD;SUCCESS;ZALE_EXP_CTRL;Status 0000000000000001 registered.
0000000117700068;STAT.json;GUI_DOWNLOAD;SUCCESS;C:\Users\sesa857782\Documents\idoc_experiments\0000000117700068_STAT.json;Frontend export completed.
0000000117700068;CTRL.json;GUI_DOWNLOAD;SUCCESS;C:\Users\sesa857782\Documents\idoc_experiments\0000000117700068_CTRL.json;Frontend export completed.
0000000117700068;CONTENT.xml;GUI_DOWNLOAD;SUCCESS;C:\Users\sesa857782\Documents\idoc_experiments\0000000117700068_CONTENT.xml;Frontend export completed.
0000000117700068;CTRL_TABLE;GUI_DOWNLOAD;SUCCESS;ZALE_EXP_CTRL;Status 0000000000000001 registered.
0000000117700072;STAT.json;GUI_DOWNLOAD;SUCCESS;C:\Users\sesa857782\Documents\idoc_experiments\0000000117700072_STAT.json;Frontend export completed.
0000000117700072;CTRL.json;GUI_DOWNLOAD;SUCCESS;C:\Users\sesa857782\Documents\idoc_experiments\0000000117700072_CTRL.json;Frontend export completed.
0000000117700072;CONTENT.xml;GUI_DOWNLOAD;SUCCESS;C:\Users\sesa857782\Documents\idoc_experiments\0000000117700072_CONTENT.xml;Frontend export completed.
0000000117700072;CTRL_TABLE;GUI_DOWNLOAD;SUCCESS;ZALE_EXP_CTRL;Status 0000000000000001 registered.
0000000117700075;STAT.json;GUI_DOWNLOAD;SUCCESS;C:\Users\sesa857782\Documents\idoc_experiments\0000000117700075_STAT.json;Frontend export completed.
0000000117700075;CTRL.json;GUI_DOWNLOAD;SUCCESS;C:\Users\sesa857782\Documents\idoc_experiments\0000000117700075_CTRL.json;Frontend export completed.
0000000117700075;CONTENT.xml;GUI_DOWNLOAD;SUCCESS;C:\Users\sesa857782\Documents\idoc_experiments\0000000117700075_CONTENT.xml;Frontend export completed.
0000000117700075;CTRL_TABLE;GUI_DOWNLOAD;SUCCESS;ZALE_EXP_CTRL;Status 0000000000000001 registered.
0000000117700078;STAT.json;GUI_DOWNLOAD;SUCCESS;C:\Users\sesa857782\Documents\idoc_experiments\0000000117700078_STAT.json;Frontend export completed.
0000000117700078;CTRL.json;GUI_DOWNLOAD;SUCCESS;C:\Users\sesa857782\Documents\idoc_experiments\0000000117700078_CTRL.json;Frontend export completed.
0000000117700078;CONTENT.xml;GUI_DOWNLOAD;SUCCESS;C:\Users\sesa857782\Documents\idoc_experiments\0000000117700078_CONTENT.xml;Frontend export completed.
0000000117700078;CTRL_TABLE;GUI_DOWNLOAD;SUCCESS;ZALE_EXP_CTRL;Status 0000000000000001 registered.
0000000117700079;STAT.json;GUI_DOWNLOAD;SUCCESS;C:\Users\sesa857782\Documents\idoc_experiments\0000000117700079_STAT.json;Frontend export completed.
0000000117700079;CTRL.json;GUI_DOWNLOAD;SUCCESS;C:\Users\sesa857782\Documents\idoc_experiments\0000000117700079_CTRL.json;Frontend export completed.
0000000117700079;CONTENT.xml;GUI_DOWNLOAD;SUCCESS;C:\Users\sesa857782\Documents\idoc_experiments\0000000117700079_CONTENT.xml;Frontend export completed.
0000000117700079;CTRL_TABLE;GUI_DOWNLOAD;SUCCESS;ZALE_EXP_CTRL;Status 0000000000000003 registered.
0000000117700081;STAT.json;GUI_DOWNLOAD;SUCCESS;C:\Users\sesa857782\Documents\idoc_experiments\0000000117700081_STAT.json;Frontend export completed.
0000000117700081;CTRL.json;GUI_DOWNLOAD;SUCCESS;C:\Users\sesa857782\Documents\idoc_experiments\0000000117700081_CTRL.json;Frontend export completed.
0000000117700081;CONTENT.xml;GUI_DOWNLOAD;SUCCESS;C:\Users\sesa857782\Documents\idoc_experiments\0000000117700081_CONTENT.xml;Frontend export completed.
0000000117700081;CTRL_TABLE;GUI_DOWNLOAD;SUCCESS;ZALE_EXP_CTRL;Status 0000000000000001 registered.
0000000117700084;STAT.json;GUI_DOWNLOAD;SUCCESS;C:\Users\sesa857782\Documents\idoc_experiments\0000000117700084_STAT.json;Frontend export completed.
0000000117700084;CTRL.json;GUI_DOWNLOAD;SUCCESS;C:\Users\sesa857782\Documents\idoc_experiments\0000000117700084_CTRL.json;Frontend export completed.
0000000117700084;CONTENT.xml;GUI_DOWNLOAD;SUCCESS;C:\Users\sesa857782\Documents\idoc_experiments\0000000117700084_CONTENT.xml;Frontend export completed.
0000000117700084;CTRL_TABLE;GUI_DOWNLOAD;SUCCESS;ZALE_EXP_CTRL;Status 0000000000000001 registered.
0000000117700085;STAT.json;GUI_DOWNLOAD;SUCCESS;C:\Users\sesa857782\Documents\idoc_experiments\0000000117700085_STAT.json;Frontend export completed.
0000000117700085;CTRL.json;GUI_DOWNLOAD;SUCCESS;C:\Users\sesa857782\Documents\idoc_experiments\0000000117700085_CTRL.json;Frontend export completed.
0000000117700085;CONTENT.xml;GUI_DOWNLOAD;SUCCESS;C:\Users\sesa857782\Documents\idoc_experiments\0000000117700085_CONTENT.xml;Frontend export completed.
0000000117700085;CTRL_TABLE;GUI_DOWNLOAD;SUCCESS;ZALE_EXP_CTRL;Status 0000000000000003 registered.
0000000117700087;STAT.json;GUI_DOWNLOAD;SUCCESS;C:\Users\sesa857782\Documents\idoc_experiments\0000000117700087_STAT.json;Frontend export completed.
0000000117700087;CTRL.json;GUI_DOWNLOAD;SUCCESS;C:\Users\sesa857782\Documents\idoc_experiments\0000000117700087_CTRL.json;Frontend export completed.
0000000117700087;CONTENT.xml;GUI_DOWNLOAD;SUCCESS;C:\Users\sesa857782\Documents\idoc_experiments\0000000117700087_CONTENT.xml;Frontend export completed.
0000000117700087;CTRL_TABLE;GUI_DOWNLOAD;SUCCESS;ZALE_EXP_CTRL;Status 0000000000000001 registered.
0000000117700090;STAT.json;GUI_DOWNLOAD;SUCCESS;C:\Users\sesa857782\Documents\idoc_experiments\0000000117700090_STAT.json;Frontend export completed.
0000000117700090;CTRL.json;GUI_DOWNLOAD;SUCCESS;C:\Users\sesa857782\Documents\idoc_experiments\0000000117700090_CTRL.json;Frontend export completed.
0000000117700090;CONTENT.xml;GUI_DOWNLOAD;SUCCESS;C:\Users\sesa857782\Documents\idoc_experiments\0000000117700090_CONTENT.xml;Frontend export completed.
0000000117700090;CTRL_TABLE;GUI_DOWNLOAD;SUCCESS;ZALE_EXP_CTRL;Status 0000000000000001 registered.
0000000117700093;STAT.json;GUI_DOWNLOAD;SUCCESS;C:\Users\sesa857782\Documents\idoc_experiments\0000000117700093_STAT.json;Frontend export completed.
0000000117700093;CTRL.json;GUI_DOWNLOAD;SUCCESS;C:\Users\sesa857782\Documents\idoc_experiments\0000000117700093_CTRL.json;Frontend export completed.
0000000117700093;CONTENT.xml;GUI_DOWNLOAD;SUCCESS;C:\Users\sesa857782\Documents\idoc_experiments\0000000117700093_CONTENT.xml;Frontend export completed.
0000000117700093;CTRL_TABLE;GUI_DOWNLOAD;SUCCESS;ZALE_EXP_CTRL;Status 0000000000000001 registered.
0000000117700096;STAT.json;GUI_DOWNLOAD;SUCCESS;C:\Users\sesa857782\Documents\idoc_experiments\0000000117700096_STAT.json;Frontend export completed.
0000000117700096;CTRL.json;GUI_DOWNLOAD;SUCCESS;C:\Users\sesa857782\Documents\idoc_experiments\0000000117700096_CTRL.json;Frontend export completed.
0000000117700096;CONTENT.xml;GUI_DOWNLOAD;SUCCESS;C:\Users\sesa857782\Documents\idoc_experiments\0000000117700096_CONTENT.xml;Frontend export completed.
0000000117700096;CTRL_TABLE;GUI_DOWNLOAD;SUCCESS;ZALE_EXP_CTRL;Status 0000000000000001 registered.
0000000117700100;STAT.json;GUI_DOWNLOAD;SUCCESS;C:\Users\sesa857782\Documents\idoc_experiments\0000000117700100_STAT.json;Frontend export completed.
0000000117700100;CTRL.json;GUI_DOWNLOAD;SUCCESS;C:\Users\sesa857782\Documents\idoc_experiments\0000000117700100_CTRL.json;Frontend export completed.
0000000117700100;CONTENT.xml;GUI_DOWNLOAD;SUCCESS;C:\Users\sesa857782\Documents\idoc_experiments\0000000117700100_CONTENT.xml;Frontend export completed.
0000000117700100;CTRL_TABLE;GUI_DOWNLOAD;SUCCESS;ZALE_EXP_CTRL;Status 0000000000000001 registered.
0000000117700103;STAT.json;GUI_DOWNLOAD;SUCCESS;C:\Users\sesa857782\Documents\idoc_experiments\0000000117700103_STAT.json;Frontend export completed.
0000000117700103;CTRL.json;GUI_DOWNLOAD;SUCCESS;C:\Users\sesa857782\Documents\idoc_experiments\0000000117700103_CTRL.json;Frontend export completed.
0000000117700103;CONTENT.xml;GUI_DOWNLOAD;SUCCESS;C:\Users\sesa857782\Documents\idoc_experiments\0000000117700103_CONTENT.xml;Frontend export completed.
0000000117700103;CTRL_TABLE;GUI_DOWNLOAD;SUCCESS;ZALE_EXP_CTRL;Status 0000000000000001 registered.
0000000117700105;STAT.json;GUI_DOWNLOAD;SUCCESS;C:\Users\sesa857782\Documents\idoc_experiments\0000000117700105_STAT.json;Frontend export completed.
0000000117700105;CTRL.json;GUI_DOWNLOAD;SUCCESS;C:\Users\sesa857782\Documents\idoc_experiments\0000000117700105_CTRL.json;Frontend export completed.
0000000117700105;CONTENT.xml;GUI_DOWNLOAD;SUCCESS;C:\Users\sesa857782\Documents\idoc_experiments\0000000117700105_CONTENT.xml;Frontend export completed.
0000000117700105;CTRL_TABLE;GUI_DOWNLOAD;SUCCESS;ZALE_EXP_CTRL;Status 0000000000000001 registered.
0000000117700113;STAT.json;GUI_DOWNLOAD;SUCCESS;C:\Users\sesa857782\Documents\idoc_experiments\0000000117700113_STAT.json;Frontend export completed.
0000000117700113;CTRL.json;GUI_DOWNLOAD;SUCCESS;C:\Users\sesa857782\Documents\idoc_experiments\0000000117700113_CTRL.json;Frontend export completed.
0000000117700113;CONTENT.xml;GUI_DOWNLOAD;SUCCESS;C:\Users\sesa857782\Documents\idoc_experiments\0000000117700113_CONTENT.xml;Frontend export completed.
0000000117700113;CTRL_TABLE;GUI_DOWNLOAD;SUCCESS;ZALE_EXP_CTRL;Status 0000000000000001 registered.
0000000117700115;STAT.json;GUI_DOWNLOAD;SUCCESS;C:\Users\sesa857782\Documents\idoc_experiments\0000000117700115_STAT.json;Frontend export completed.
0000000117700115;CTRL.json;GUI_DOWNLOAD;SUCCESS;C:\Users\sesa857782\Documents\idoc_experiments\0000000117700115_CTRL.json;Frontend export completed.
0000000117700115;CONTENT.xml;GUI_DOWNLOAD;SUCCESS;C:\Users\sesa857782\Documents\idoc_experiments\0000000117700115_CONTENT.xml;Frontend export completed.
0000000117700115;CTRL_TABLE;GUI_DOWNLOAD;SUCCESS;ZALE_EXP_CTRL;Status 0000000000000001 registered.
0000000117700117;STAT.json;GUI_DOWNLOAD;SUCCESS;C:\Users\sesa857782\Documents\idoc_experiments\0000000117700117_STAT.json;Frontend export completed.
0000000117700117;CTRL.json;GUI_DOWNLOAD;SUCCESS;C:\Users\sesa857782\Documents\idoc_experiments\0000000117700117_CTRL.json;Frontend export completed.
0000000117700117;CONTENT.xml;GUI_DOWNLOAD;SUCCESS;C:\Users\sesa857782\Documents\idoc_experiments\0000000117700117_CONTENT.xml;Frontend export completed.
0000000117700117;CTRL_TABLE;GUI_DOWNLOAD;SUCCESS;ZALE_EXP_CTRL;Status 0000000000000001 registered.
0000000117700121;STAT.json;GUI_DOWNLOAD;SUCCESS;C:\Users\sesa857782\Documents\idoc_experiments\0000000117700121_STAT.json;Frontend export completed.
0000000117700121;CTRL.json;GUI_DOWNLOAD;SUCCESS;C:\Users\sesa857782\Documents\idoc_experiments\0000000117700121_CTRL.json;Frontend export completed.
0000000117700121;CONTENT.xml;GUI_DOWNLOAD;SUCCESS;C:\Users\sesa857782\Documents\idoc_experiments\0000000117700121_CONTENT.xml;Frontend export completed.
0000000117700121;CTRL_TABLE;GUI_DOWNLOAD;SUCCESS;ZALE_EXP_CTRL;Status 0000000000000001 registered.
0000000117700126;STAT.json;GUI_DOWNLOAD;SUCCESS;C:\Users\sesa857782\Documents\idoc_experiments\0000000117700126_STAT.json;Frontend export completed.
0000000117700126;CTRL.json;GUI_DOWNLOAD;SUCCESS;C:\Users\sesa857782\Documents\idoc_experiments\0000000117700126_CTRL.json;Frontend export completed.
0000000117700126;CONTENT.xml;GUI_DOWNLOAD;SUCCESS;C:\Users\sesa857782\Documents\idoc_experiments\0000000117700126_CONTENT.xml;Frontend export completed.
0000000117700126;CTRL_TABLE;GUI_DOWNLOAD;SUCCESS;ZALE_EXP_CTRL;Status 0000000000000001 registered.
0000000117700129;STAT.json;GUI_DOWNLOAD;SUCCESS;C:\Users\sesa857782\Documents\idoc_experiments\0000000117700129_STAT.json;Frontend export completed.
0000000117700129;CTRL.json;GUI_DOWNLOAD;SUCCESS;C:\Users\sesa857782\Documents\idoc_experiments\0000000117700129_CTRL.json;Frontend export completed.
0000000117700129;CONTENT.xml;GUI_DOWNLOAD;SUCCESS;C:\Users\sesa857782\Documents\idoc_experiments\0000000117700129_CONTENT.xml;Frontend export completed.
0000000117700129;CTRL_TABLE;GUI_DOWNLOAD;SUCCESS;ZALE_EXP_CTRL;Status 0000000000000001 registered.
0000000117700130;STAT.json;GUI_DOWNLOAD;SUCCESS;C:\Users\sesa857782\Documents\idoc_experiments\0000000117700130_STAT.json;Frontend export completed.
0000000117700130;CTRL.json;GUI_DOWNLOAD;SUCCESS;C:\Users\sesa857782\Documents\idoc_experiments\0000000117700130_CTRL.json;Frontend export completed.
0000000117700130;CONTENT.xml;GUI_DOWNLOAD;SUCCESS;C:\Users\sesa857782\Documents\idoc_experiments\0000000117700130_CONTENT.xml;Frontend export completed.
0000000117700130;CTRL_TABLE;GUI_DOWNLOAD;SUCCESS;ZALE_EXP_CTRL;Status 0000000000000003 registered.
0000000117700133;STAT.json;GUI_DOWNLOAD;SUCCESS;C:\Users\sesa857782\Documents\idoc_experiments\0000000117700133_STAT.json;Frontend export completed.
0000000117700133;CTRL.json;GUI_DOWNLOAD;SUCCESS;C:\Users\sesa857782\Documents\idoc_experiments\0000000117700133_CTRL.json;Frontend export completed.
0000000117700133;CONTENT.xml;GUI_DOWNLOAD;SUCCESS;C:\Users\sesa857782\Documents\idoc_experiments\0000000117700133_CONTENT.xml;Frontend export completed.
0000000117700133;CTRL_TABLE;GUI_DOWNLOAD;SUCCESS;ZALE_EXP_CTRL;Status 0000000000000001 registered.
0000000117700135;STAT.json;GUI_DOWNLOAD;SUCCESS;C:\Users\sesa857782\Documents\idoc_experiments\0000000117700135_STAT.json;Frontend export completed.
0000000117700135;CTRL.json;GUI_DOWNLOAD;SUCCESS;C:\Users\sesa857782\Documents\idoc_experiments\0000000117700135_CTRL.json;Frontend export completed.
0000000117700135;CONTENT.xml;GUI_DOWNLOAD;SUCCESS;C:\Users\sesa857782\Documents\idoc_experiments\0000000117700135_CONTENT.xml;Frontend export completed.
0000000117700135;CTRL_TABLE;GUI_DOWNLOAD;SUCCESS;ZALE_EXP_CTRL;Status 0000000000000001 registered.
0000000117700143;STAT.json;GUI_DOWNLOAD;SUCCESS;C:\Users\sesa857782\Documents\idoc_experiments\0000000117700143_STAT.json;Frontend export completed.
0000000117700143;CTRL.json;GUI_DOWNLOAD;SUCCESS;C:\Users\sesa857782\Documents\idoc_experiments\0000000117700143_CTRL.json;Frontend export completed.
0000000117700143;CONTENT.xml;GUI_DOWNLOAD;SUCCESS;C:\Users\sesa857782\Documents\idoc_experiments\0000000117700143_CONTENT.xml;Frontend export completed.
0000000117700143;CTRL_TABLE;GUI_DOWNLOAD;SUCCESS;ZALE_EXP_CTRL;Status 0000000000000001 registered.
0000000117700146;STAT.json;GUI_DOWNLOAD;SUCCESS;C:\Users\sesa857782\Documents\idoc_experiments\0000000117700146_STAT.json;Frontend export completed.
0000000117700146;CTRL.json;GUI_DOWNLOAD;SUCCESS;C:\Users\sesa857782\Documents\idoc_experiments\0000000117700146_CTRL.json;Frontend export completed.
0000000117700146;CONTENT.xml;GUI_DOWNLOAD;SUCCESS;C:\Users\sesa857782\Documents\idoc_experiments\0000000117700146_CONTENT.xml;Frontend export completed.
0000000117700146;CTRL_TABLE;GUI_DOWNLOAD;SUCCESS;ZALE_EXP_CTRL;Status 0000000000000001 registered.
0000000117700152;STAT.json;GUI_DOWNLOAD;SUCCESS;C:\Users\sesa857782\Documents\idoc_experiments\0000000117700152_STAT.json;Frontend export completed.
0000000117700152;CTRL.json;GUI_DOWNLOAD;SUCCESS;C:\Users\sesa857782\Documents\idoc_experiments\0000000117700152_CTRL.json;Frontend export completed.
0000000117700152;CONTENT.xml;GUI_DOWNLOAD;SUCCESS;C:\Users\sesa857782\Documents\idoc_experiments\0000000117700152_CONTENT.xml;Frontend export completed.
0000000117700152;CTRL_TABLE;GUI_DOWNLOAD;SUCCESS;ZALE_EXP_CTRL;Status 0000000000000001 registered.
0000000117700157;STAT.json;GUI_DOWNLOAD;SUCCESS;C:\Users\sesa857782\Documents\idoc_experiments\0000000117700157_STAT.json;Frontend export completed.
0000000117700157;CTRL.json;GUI_DOWNLOAD;SUCCESS;C:\Users\sesa857782\Documents\idoc_experiments\0000000117700157_CTRL.json;Frontend export completed.
0000000117700157;CONTENT.xml;GUI_DOWNLOAD;SUCCESS;C:\Users\sesa857782\Documents\idoc_experiments\0000000117700157_CONTENT.xml;Frontend export completed.
0000000117700157;CTRL_TABLE;GUI_DOWNLOAD;SUCCESS;ZALE_EXP_CTRL;Status 0000000000000001 registered.
0000000117700186;STAT.json;GUI_DOWNLOAD;SUCCESS;C:\Users\sesa857782\Documents\idoc_experiments\0000000117700186_STAT.json;Frontend export completed.
0000000117700186;CTRL.json;GUI_DOWNLOAD;SUCCESS;C:\Users\sesa857782\Documents\idoc_experiments\0000000117700186_CTRL.json;Frontend export completed.
0000000117700186;CONTENT.xml;GUI_DOWNLOAD;SUCCESS;C:\Users\sesa857782\Documents\idoc_experiments\0000000117700186_CONTENT.xml;Frontend export completed.
0000000117700186;CTRL_TABLE;GUI_DOWNLOAD;SUCCESS;ZALE_EXP_CTRL;Status 0000000000000001 registered.
0000000117700188;STAT.json;GUI_DOWNLOAD;SUCCESS;C:\Users\sesa857782\Documents\idoc_experiments\0000000117700188_STAT.json;Frontend export completed.
0000000117700188;CTRL.json;GUI_DOWNLOAD;SUCCESS;C:\Users\sesa857782\Documents\idoc_experiments\0000000117700188_CTRL.json;Frontend export completed.
0000000117700188;CONTENT.xml;GUI_DOWNLOAD;SUCCESS;C:\Users\sesa857782\Documents\idoc_experiments\0000000117700188_CONTENT.xml;Frontend export completed.
0000000117700188;CTRL_TABLE;GUI_DOWNLOAD;SUCCESS;ZALE_EXP_CTRL;Status 0000000000000001 registered.
0000000117700192;STAT.json;GUI_DOWNLOAD;SUCCESS;C:\Users\sesa857782\Documents\idoc_experiments\0000000117700192_STAT.json;Frontend export completed.
0000000117700192;CTRL.json;GUI_DOWNLOAD;SUCCESS;C:\Users\sesa857782\Documents\idoc_experiments\0000000117700192_CTRL.json;Frontend export completed.
0000000117700192;CONTENT.xml;GUI_DOWNLOAD;SUCCESS;C:\Users\sesa857782\Documents\idoc_experiments\0000000117700192_CONTENT.xml;Frontend export completed.
0000000117700192;CTRL_TABLE;GUI_DOWNLOAD;SUCCESS;ZALE_EXP_CTRL;Status 0000000000000001 registered.
0000000117700194;STAT.json;GUI_DOWNLOAD;SUCCESS;C:\Users\sesa857782\Documents\idoc_experiments\0000000117700194_STAT.json;Frontend export completed.
0000000117700194;CTRL.json;GUI_DOWNLOAD;SUCCESS;C:\Users\sesa857782\Documents\idoc_experiments\0000000117700194_CTRL.json;Frontend export completed.
0000000117700194;CONTENT.xml;GUI_DOWNLOAD;SUCCESS;C:\Users\sesa857782\Documents\idoc_experiments\0000000117700194_CONTENT.xml;Frontend export completed.
0000000117700194;CTRL_TABLE;GUI_DOWNLOAD;SUCCESS;ZALE_EXP_CTRL;Status 0000000000000001 registered.
0000000117700198;STAT.json;GUI_DOWNLOAD;SUCCESS;C:\Users\sesa857782\Documents\idoc_experiments\0000000117700198_STAT.json;Frontend export completed.
0000000117700198;CTRL.json;GUI_DOWNLOAD;SUCCESS;C:\Users\sesa857782\Documents\idoc_experiments\0000000117700198_CTRL.json;Frontend export completed.
0000000117700198;CONTENT.xml;GUI_DOWNLOAD;SUCCESS;C:\Users\sesa857782\Documents\idoc_experiments\0000000117700198_CONTENT.xml;Frontend export completed.
0000000117700198;CTRL_TABLE;GUI_DOWNLOAD;SUCCESS;ZALE_EXP_CTRL;Status 0000000000000001 registered.
0000000117700200;STAT.json;GUI_DOWNLOAD;SUCCESS;C:\Users\sesa857782\Documents\idoc_experiments\0000000117700200_STAT.json;Frontend export completed.
0000000117700200;CTRL.json;GUI_DOWNLOAD;SUCCESS;C:\Users\sesa857782\Documents\idoc_experiments\0000000117700200_CTRL.json;Frontend export completed.
0000000117700200;CONTENT.xml;GUI_DOWNLOAD;SUCCESS;C:\Users\sesa857782\Documents\idoc_experiments\0000000117700200_CONTENT.xml;Frontend export completed.
0000000117700200;CTRL_TABLE;GUI_DOWNLOAD;SUCCESS;ZALE_EXP_CTRL;Status 0000000000000001 registered.
0000000117700204;STAT.json;GUI_DOWNLOAD;SUCCESS;C:\Users\sesa857782\Documents\idoc_experiments\0000000117700204_STAT.json;Frontend export completed.
0000000117700204;CTRL.json;GUI_DOWNLOAD;SUCCESS;C:\Users\sesa857782\Documents\idoc_experiments\0000000117700204_CTRL.json;Frontend export completed.
0000000117700204;CONTENT.xml;GUI_DOWNLOAD;SUCCESS;C:\Users\sesa857782\Documents\idoc_experiments\0000000117700204_CONTENT.xml;Frontend export completed.
0000000117700204;CTRL_TABLE;GUI_DOWNLOAD;SUCCESS;ZALE_EXP_CTRL;Status 0000000000000001 registered.
0000000117700206;STAT.json;GUI_DOWNLOAD;SUCCESS;C:\Users\sesa857782\Documents\idoc_experiments\0000000117700206_STAT.json;Frontend export completed.
0000000117700206;CTRL.json;GUI_DOWNLOAD;SUCCESS;C:\Users\sesa857782\Documents\idoc_experiments\0000000117700206_CTRL.json;Frontend export completed.
0000000117700206;CONTENT.xml;GUI_DOWNLOAD;SUCCESS;C:\Users\sesa857782\Documents\idoc_experiments\0000000117700206_CONTENT.xml;Frontend export completed.
0000000117700206;CTRL_TABLE;GUI_DOWNLOAD;SUCCESS;ZALE_EXP_CTRL;Status 0000000000000001 registered.
0000000117700209;STAT.json;GUI_DOWNLOAD;SUCCESS;C:\Users\sesa857782\Documents\idoc_experiments\0000000117700209_STAT.json;Frontend export completed.
0000000117700209;CTRL.json;GUI_DOWNLOAD;SUCCESS;C:\Users\sesa857782\Documents\idoc_experiments\0000000117700209_CTRL.json;Frontend export completed.
0000000117700209;CONTENT.xml;GUI_DOWNLOAD;SUCCESS;C:\Users\sesa857782\Documents\idoc_experiments\0000000117700209_CONTENT.xml;Frontend export completed.
0000000117700209;CTRL_TABLE;GUI_DOWNLOAD;SUCCESS;ZALE_EXP_CTRL;Status 0000000000000001 registered.
0000000117700211;STAT.json;GUI_DOWNLOAD;SUCCESS;C:\Users\sesa857782\Documents\idoc_experiments\0000000117700211_STAT.json;Frontend export completed.
0000000117700211;CTRL.json;GUI_DOWNLOAD;SUCCESS;C:\Users\sesa857782\Documents\idoc_experiments\0000000117700211_CTRL.json;Frontend export completed.
0000000117700211;CONTENT.xml;GUI_DOWNLOAD;SUCCESS;C:\Users\sesa857782\Documents\idoc_experiments\0000000117700211_CONTENT.xml;Frontend export completed.
0000000117700211;CTRL_TABLE;GUI_DOWNLOAD;SUCCESS;ZALE_EXP_CTRL;Status 0000000000000001 registered.
0000000117700213;STAT.json;GUI_DOWNLOAD;SUCCESS;C:\Users\sesa857782\Documents\idoc_experiments\0000000117700213_STAT.json;Frontend export completed.
0000000117700213;CTRL.json;GUI_DOWNLOAD;SUCCESS;C:\Users\sesa857782\Documents\idoc_experiments\0000000117700213_CTRL.json;Frontend export completed.
0000000117700213;CONTENT.xml;GUI_DOWNLOAD;SUCCESS;C:\Users\sesa857782\Documents\idoc_experiments\0000000117700213_CONTENT.xml;Frontend export completed.
0000000117700213;CTRL_TABLE;GUI_DOWNLOAD;SUCCESS;ZALE_EXP_CTRL;Status 0000000000000001 registered.
0000000117701003;STAT.json;GUI_DOWNLOAD;SUCCESS;C:\Users\sesa857782\Documents\idoc_experiments\0000000117701003_STAT.json;Frontend export completed.
0000000117701003;CTRL.json;GUI_DOWNLOAD;SUCCESS;C:\Users\sesa857782\Documents\idoc_experiments\0000000117701003_CTRL.json;Frontend export completed.
0000000117701003;CONTENT.xml;GUI_DOWNLOAD;SUCCESS;C:\Users\sesa857782\Documents\idoc_experiments\0000000117701003_CONTENT.xml;Frontend export completed.
0000000117701003;CTRL_TABLE;GUI_DOWNLOAD;SUCCESS;ZALE_EXP_CTRL;Status 0000000000000001 registered.
0000000117701005;STAT.json;GUI_DOWNLOAD;SUCCESS;C:\Users\sesa857782\Documents\idoc_experiments\0000000117701005_STAT.json;Frontend export completed.
0000000117701005;CTRL.json;GUI_DOWNLOAD;SUCCESS;C:\Users\sesa857782\Documents\idoc_experiments\0000000117701005_CTRL.json;Frontend export completed.
0000000117701005;CONTENT.xml;GUI_DOWNLOAD;SUCCESS;C:\Users\sesa857782\Documents\idoc_experiments\0000000117701005_CONTENT.xml;Frontend export completed.
0000000117701005;CTRL_TABLE;GUI_DOWNLOAD;SUCCESS;ZALE_EXP_CTRL;Status 0000000000000001 registered.
0000000117701007;STAT.json;GUI_DOWNLOAD;SUCCESS;C:\Users\sesa857782\Documents\idoc_experiments\0000000117701007_STAT.json;Frontend export completed.
0000000117701007;CTRL.json;GUI_DOWNLOAD;SUCCESS;C:\Users\sesa857782\Documents\idoc_experiments\0000000117701007_CTRL.json;Frontend export completed.
0000000117701007;CONTENT.xml;GUI_DOWNLOAD;SUCCESS;C:\Users\sesa857782\Documents\idoc_experiments\0000000117701007_CONTENT.xml;Frontend export completed.
0000000117701007;CTRL_TABLE;GUI_DOWNLOAD;SUCCESS;ZALE_EXP_CTRL;Status 0000000000000001 registered.
0000000117701010;STAT.json;GUI_DOWNLOAD;SUCCESS;C:\Users\sesa857782\Documents\idoc_experiments\0000000117701010_STAT.json;Frontend export completed.
0000000117701010;CTRL.json;GUI_DOWNLOAD;SUCCESS;C:\Users\sesa857782\Documents\idoc_experiments\0000000117701010_CTRL.json;Frontend export completed.
0000000117701010;CONTENT.xml;GUI_DOWNLOAD;SUCCESS;C:\Users\sesa857782\Documents\idoc_experiments\0000000117701010_CONTENT.xml;Frontend export completed.
0000000117701010;CTRL_TABLE;GUI_DOWNLOAD;SUCCESS;ZALE_EXP_CTRL;Status 0000000000000001 registered.
0000000117701012;STAT.json;GUI_DOWNLOAD;SUCCESS;C:\Users\sesa857782\Documents\idoc_experiments\0000000117701012_STAT.json;Frontend export completed.
0000000117701012;CTRL.json;GUI_DOWNLOAD;SUCCESS;C:\Users\sesa857782\Documents\idoc_experiments\0000000117701012_CTRL.json;Frontend export completed.
0000000117701012;CONTENT.xml;GUI_DOWNLOAD;SUCCESS;C:\Users\sesa857782\Documents\idoc_experiments\0000000117701012_CONTENT.xml;Frontend export completed.
0000000117701012;CTRL_TABLE;GUI_DOWNLOAD;SUCCESS;ZALE_EXP_CTRL;Status 0000000000000001 registered.
0000000117701017;STAT.json;GUI_DOWNLOAD;SUCCESS;C:\Users\sesa857782\Documents\idoc_experiments\0000000117701017_STAT.json;Frontend export completed.
0000000117701017;CTRL.json;GUI_DOWNLOAD;SUCCESS;C:\Users\sesa857782\Documents\idoc_experiments\0000000117701017_CTRL.json;Frontend export completed.
0000000117701017;CONTENT.xml;GUI_DOWNLOAD;SUCCESS;C:\Users\sesa857782\Documents\idoc_experiments\0000000117701017_CONTENT.xml;Frontend export completed.
0000000117701017;CTRL_TABLE;GUI_DOWNLOAD;SUCCESS;ZALE_EXP_CTRL;Status 0000000000000001 registered.
0000000117701019;STAT.json;GUI_DOWNLOAD;SUCCESS;C:\Users\sesa857782\Documents\idoc_experiments\0000000117701019_STAT.json;Frontend export completed.
0000000117701019;CTRL.json;GUI_DOWNLOAD;SUCCESS;C:\Users\sesa857782\Documents\idoc_experiments\0000000117701019_CTRL.json;Frontend export completed.
0000000117701019;CONTENT.xml;GUI_DOWNLOAD;SUCCESS;C:\Users\sesa857782\Documents\idoc_experiments\0000000117701019_CONTENT.xml;Frontend export completed.
0000000117701019;CTRL_TABLE;GUI_DOWNLOAD;SUCCESS;ZALE_EXP_CTRL;Status 0000000000000001 registered.
0000000117701023;STAT.json;GUI_DOWNLOAD;SUCCESS;C:\Users\sesa857782\Documents\idoc_experiments\0000000117701023_STAT.json;Frontend export completed.
0000000117701023;CTRL.json;GUI_DOWNLOAD;SUCCESS;C:\Users\sesa857782\Documents\idoc_experiments\0000000117701023_CTRL.json;Frontend export completed.
0000000117701023;CONTENT.xml;GUI_DOWNLOAD;SUCCESS;C:\Users\sesa857782\Documents\idoc_experiments\0000000117701023_CONTENT.xml;Frontend export completed.
0000000117701023;CTRL_TABLE;GUI_DOWNLOAD;SUCCESS;ZALE_EXP_CTRL;Status 0000000000000001 registered.
0000000117701025;STAT.json;GUI_DOWNLOAD;SUCCESS;C:\Users\sesa857782\Documents\idoc_experiments\0000000117701025_STAT.json;Frontend export completed.
0000000117701025;CTRL.json;GUI_DOWNLOAD;SUCCESS;C:\Users\sesa857782\Documents\idoc_experiments\0000000117701025_CTRL.json;Frontend export completed.
0000000117701025;CONTENT.xml;GUI_DOWNLOAD;SUCCESS;C:\Users\sesa857782\Documents\idoc_experiments\0000000117701025_CONTENT.xml;Frontend export completed.
0000000117701025;CTRL_TABLE;GUI_DOWNLOAD;SUCCESS;ZALE_EXP_CTRL;Status 0000000000000001 registered.
0000000117701028;STAT.json;GUI_DOWNLOAD;SUCCESS;C:\Users\sesa857782\Documents\idoc_experiments\0000000117701028_STAT.json;Frontend export completed.
0000000117701028;CTRL.json;GUI_DOWNLOAD;SUCCESS;C:\Users\sesa857782\Documents\idoc_experiments\0000000117701028_CTRL.json;Frontend export completed.
0000000117701028;CONTENT.xml;GUI_DOWNLOAD;SUCCESS;C:\Users\sesa857782\Documents\idoc_experiments\0000000117701028_CONTENT.xml;Frontend export completed.
0000000117701028;CTRL_TABLE;GUI_DOWNLOAD;SUCCESS;ZALE_EXP_CTRL;Status 0000000000000001 registered.
0000000117701030;STAT.json;GUI_DOWNLOAD;SUCCESS;C:\Users\sesa857782\Documents\idoc_experiments\0000000117701030_STAT.json;Frontend export completed.
0000000117701030;CTRL.json;GUI_DOWNLOAD;SUCCESS;C:\Users\sesa857782\Documents\idoc_experiments\0000000117701030_CTRL.json;Frontend export completed.
0000000117701030;CONTENT.xml;GUI_DOWNLOAD;SUCCESS;C:\Users\sesa857782\Documents\idoc_experiments\0000000117701030_CONTENT.xml;Frontend export completed.
0000000117701030;CTRL_TABLE;GUI_DOWNLOAD;SUCCESS;ZALE_EXP_CTRL;Status 0000000000000001 registered.
0000000117701033;STAT.json;GUI_DOWNLOAD;SUCCESS;C:\Users\sesa857782\Documents\idoc_experiments\0000000117701033_STAT.json;Frontend export completed.
0000000117701033;CTRL.json;GUI_DOWNLOAD;SUCCESS;C:\Users\sesa857782\Documents\idoc_experiments\0000000117701033_CTRL.json;Frontend export completed.
0000000117701033;CONTENT.xml;GUI_DOWNLOAD;SUCCESS;C:\Users\sesa857782\Documents\idoc_experiments\0000000117701033_CONTENT.xml;Frontend export completed.
0000000117701033;CTRL_TABLE;GUI_DOWNLOAD;SUCCESS;ZALE_EXP_CTRL;Status 0000000000000001 registered.
0000000117701035;STAT.json;GUI_DOWNLOAD;SUCCESS;C:\Users\sesa857782\Documents\idoc_experiments\0000000117701035_STAT.json;Frontend export completed.
0000000117701035;CTRL.json;GUI_DOWNLOAD;SUCCESS;C:\Users\sesa857782\Documents\idoc_experiments\0000000117701035_CTRL.json;Frontend export completed.
0000000117701035;CONTENT.xml;GUI_DOWNLOAD;SUCCESS;C:\Users\sesa857782\Documents\idoc_experiments\0000000117701035_CONTENT.xml;Frontend export completed.
0000000117701035;CTRL_TABLE;GUI_DOWNLOAD;SUCCESS;ZALE_EXP_CTRL;Status 0000000000000001 registered.
0000000117701039;STAT.json;GUI_DOWNLOAD;SUCCESS;C:\Users\sesa857782\Documents\idoc_experiments\0000000117701039_STAT.json;Frontend export completed.
0000000117701039;CTRL.json;GUI_DOWNLOAD;SUCCESS;C:\Users\sesa857782\Documents\idoc_experiments\0000000117701039_CTRL.json;Frontend export completed.
0000000117701039;CONTENT.xml;GUI_DOWNLOAD;SUCCESS;C:\Users\sesa857782\Documents\idoc_experiments\0000000117701039_CONTENT.xml;Frontend export completed.
0000000117701039;CTRL_TABLE;GUI_DOWNLOAD;SUCCESS;ZALE_EXP_CTRL;Status 0000000000000001 registered.
0000000117701041;STAT.json;GUI_DOWNLOAD;SUCCESS;C:\Users\sesa857782\Documents\idoc_experiments\0000000117701041_STAT.json;Frontend export completed.
0000000117701041;CTRL.json;GUI_DOWNLOAD;SUCCESS;C:\Users\sesa857782\Documents\idoc_experiments\0000000117701041_CTRL.json;Frontend export completed.
0000000117701041;CONTENT.xml;GUI_DOWNLOAD;SUCCESS;C:\Users\sesa857782\Documents\idoc_experiments\0000000117701041_CONTENT.xml;Frontend export completed.
0000000117701041;CTRL_TABLE;GUI_DOWNLOAD;SUCCESS;ZALE_EXP_CTRL;Status 0000000000000001 registered.
0000000117701044;STAT.json;GUI_DOWNLOAD;SUCCESS;C:\Users\sesa857782\Documents\idoc_experiments\0000000117701044_STAT.json;Frontend export completed.
0000000117701044;CTRL.json;GUI_DOWNLOAD;SUCCESS;C:\Users\sesa857782\Documents\idoc_experiments\0000000117701044_CTRL.json;Frontend export completed.
0000000117701044;CONTENT.xml;GUI_DOWNLOAD;SUCCESS;C:\Users\sesa857782\Documents\idoc_experiments\0000000117701044_CONTENT.xml;Frontend export completed.
0000000117701044;CTRL_TABLE;GUI_DOWNLOAD;SUCCESS;ZALE_EXP_CTRL;Status 0000000000000001 registered.
0000000117701046;STAT.json;GUI_DOWNLOAD;SUCCESS;C:\Users\sesa857782\Documents\idoc_experiments\0000000117701046_STAT.json;Frontend export completed.
0000000117701046;CTRL.json;GUI_DOWNLOAD;SUCCESS;C:\Users\sesa857782\Documents\idoc_experiments\0000000117701046_CTRL.json;Frontend export completed.
0000000117701046;CONTENT.xml;GUI_DOWNLOAD;SUCCESS;C:\Users\sesa857782\Documents\idoc_experiments\0000000117701046_CONTENT.xml;Frontend export completed.
0000000117701046;CTRL_TABLE;GUI_DOWNLOAD;SUCCESS;ZALE_EXP_CTRL;Status 0000000000000001 registered.
0000000117701048;STAT.json;GUI_DOWNLOAD;SUCCESS;C:\Users\sesa857782\Documents\idoc_experiments\0000000117701048_STAT.json;Frontend export completed.
0000000117701048;CTRL.json;GUI_DOWNLOAD;SUCCESS;C:\Users\sesa857782\Documents\idoc_experiments\0000000117701048_CTRL.json;Frontend export completed.
0000000117701048;CONTENT.xml;GUI_DOWNLOAD;SUCCESS;C:\Users\sesa857782\Documents\idoc_experiments\0000000117701048_CONTENT.xml;Frontend export completed.
0000000117701048;CTRL_TABLE;GUI_DOWNLOAD;SUCCESS;ZALE_EXP_CTRL;Status 0000000000000001 registered.
0000000117701050;STAT.json;GUI_DOWNLOAD;SUCCESS;C:\Users\sesa857782\Documents\idoc_experiments\0000000117701050_STAT.json;Frontend export completed.
0000000117701050;CTRL.json;GUI_DOWNLOAD;SUCCESS;C:\Users\sesa857782\Documents\idoc_experiments\0000000117701050_CTRL.json;Frontend export completed.
0000000117701050;CONTENT.xml;GUI_DOWNLOAD;SUCCESS;C:\Users\sesa857782\Documents\idoc_experiments\0000000117701050_CONTENT.xml;Frontend export completed.
0000000117701050;CTRL_TABLE;GUI_DOWNLOAD;SUCCESS;ZALE_EXP_CTRL;Status 0000000000000001 registered.
0000000117701052;STAT.json;GUI_DOWNLOAD;SUCCESS;C:\Users\sesa857782\Documents\idoc_experiments\0000000117701052_STAT.json;Frontend export completed.
0000000117701052;CTRL.json;GUI_DOWNLOAD;SUCCESS;C:\Users\sesa857782\Documents\idoc_experiments\0000000117701052_CTRL.json;Frontend export completed.
0000000117701052;CONTENT.xml;GUI_DOWNLOAD;SUCCESS;C:\Users\sesa857782\Documents\idoc_experiments\0000000117701052_CONTENT.xml;Frontend export completed.
0000000117701052;CTRL_TABLE;GUI_DOWNLOAD;SUCCESS;ZALE_EXP_CTRL;Status 0000000000000001 registered.
0000000117701055;STAT.json;GUI_DOWNLOAD;SUCCESS;C:\Users\sesa857782\Documents\idoc_experiments\0000000117701055_STAT.json;Frontend export completed.
0000000117701055;CTRL.json;GUI_DOWNLOAD;SUCCESS;C:\Users\sesa857782\Documents\idoc_experiments\0000000117701055_CTRL.json;Frontend export completed.
0000000117701055;CONTENT.xml;GUI_DOWNLOAD;SUCCESS;C:\Users\sesa857782\Documents\idoc_experiments\0000000117701055_CONTENT.xml;Frontend export completed.
0000000117701055;CTRL_TABLE;GUI_DOWNLOAD;SUCCESS;ZALE_EXP_CTRL;Status 0000000000000001 registered.
0000000117701057;STAT.json;GUI_DOWNLOAD;SUCCESS;C:\Users\sesa857782\Documents\idoc_experiments\0000000117701057_STAT.json;Frontend export completed.
0000000117701057;CTRL.json;GUI_DOWNLOAD;SUCCESS;C:\Users\sesa857782\Documents\idoc_experiments\0000000117701057_CTRL.json;Frontend export completed.
0000000117701057;CONTENT.xml;GUI_DOWNLOAD;SUCCESS;C:\Users\sesa857782\Documents\idoc_experiments\0000000117701057_CONTENT.xml;Frontend export completed.
0000000117701057;CTRL_TABLE;GUI_DOWNLOAD;SUCCESS;ZALE_EXP_CTRL;Status 0000000000000001 registered.
0000000117701060;STAT.json;GUI_DOWNLOAD;SUCCESS;C:\Users\sesa857782\Documents\idoc_experiments\0000000117701060_STAT.json;Frontend export completed.
0000000117701060;CTRL.json;GUI_DOWNLOAD;SUCCESS;C:\Users\sesa857782\Documents\idoc_experiments\0000000117701060_CTRL.json;Frontend export completed.
0000000117701060;CONTENT.xml;GUI_DOWNLOAD;SUCCESS;C:\Users\sesa857782\Documents\idoc_experiments\0000000117701060_CONTENT.xml;Frontend export completed.
0000000117701060;CTRL_TABLE;GUI_DOWNLOAD;SUCCESS;ZALE_EXP_CTRL;Status 0000000000000001 registered.
0000000117701062;STAT.json;GUI_DOWNLOAD;SUCCESS;C:\Users\sesa857782\Documents\idoc_experiments\0000000117701062_STAT.json;Frontend export completed.
0000000117701062;CTRL.json;GUI_DOWNLOAD;SUCCESS;C:\Users\sesa857782\Documents\idoc_experiments\0000000117701062_CTRL.json;Frontend export completed.
0000000117701062;CONTENT.xml;GUI_DOWNLOAD;SUCCESS;C:\Users\sesa857782\Documents\idoc_experiments\0000000117701062_CONTENT.xml;Frontend export completed.
0000000117701062;CTRL_TABLE;GUI_DOWNLOAD;SUCCESS;ZALE_EXP_CTRL;Status 0000000000000001 registered.
0000000117701065;STAT.json;GUI_DOWNLOAD;SUCCESS;C:\Users\sesa857782\Documents\idoc_experiments\0000000117701065_STAT.json;Frontend export completed.
0000000117701065;CTRL.json;GUI_DOWNLOAD;SUCCESS;C:\Users\sesa857782\Documents\idoc_experiments\0000000117701065_CTRL.json;Frontend export completed.
0000000117701065;CONTENT.xml;GUI_DOWNLOAD;SUCCESS;C:\Users\sesa857782\Documents\idoc_experiments\0000000117701065_CONTENT.xml;Frontend export completed.
0000000117701065;CTRL_TABLE;GUI_DOWNLOAD;SUCCESS;ZALE_EXP_CTRL;Status 0000000000000001 registered.
0000000117701067;STAT.json;GUI_DOWNLOAD;SUCCESS;C:\Users\sesa857782\Documents\idoc_experiments\0000000117701067_STAT.json;Frontend export completed.
0000000117701067;CTRL.json;GUI_DOWNLOAD;SUCCESS;C:\Users\sesa857782\Documents\idoc_experiments\0000000117701067_CTRL.json;Frontend export completed.
0000000117701067;CONTENT.xml;GUI_DOWNLOAD;SUCCESS;C:\Users\sesa857782\Documents\idoc_experiments\0000000117701067_CONTENT.xml;Frontend export completed.
0000000117701067;CTRL_TABLE;GUI_DOWNLOAD;SUCCESS;ZALE_EXP_CTRL;Status 0000000000000001 registered.
0000000117701074;STAT.json;GUI_DOWNLOAD;SUCCESS;C:\Users\sesa857782\Documents\idoc_experiments\0000000117701074_STAT.json;Frontend export completed.
0000000117701074;CTRL.json;GUI_DOWNLOAD;SUCCESS;C:\Users\sesa857782\Documents\idoc_experiments\0000000117701074_CTRL.json;Frontend export completed.
0000000117701074;CONTENT.xml;GUI_DOWNLOAD;SUCCESS;C:\Users\sesa857782\Documents\idoc_experiments\0000000117701074_CONTENT.xml;Frontend export completed.
0000000117701074;CTRL_TABLE;GUI_DOWNLOAD;SUCCESS;ZALE_EXP_CTRL;Status 0000000000000001 registered.
0000000117701076;STAT.json;GUI_DOWNLOAD;SUCCESS;C:\Users\sesa857782\Documents\idoc_experiments\0000000117701076_STAT.json;Frontend export completed.
0000000117701076;CTRL.json;GUI_DOWNLOAD;SUCCESS;C:\Users\sesa857782\Documents\idoc_experiments\0000000117701076_CTRL.json;Frontend export completed.
0000000117701076;CONTENT.xml;GUI_DOWNLOAD;SUCCESS;C:\Users\sesa857782\Documents\idoc_experiments\0000000117701076_CONTENT.xml;Frontend export completed.
0000000117701076;CTRL_TABLE;GUI_DOWNLOAD;SUCCESS;ZALE_EXP_CTRL;Status 0000000000000001 registered.
0000000117701080;STAT.json;GUI_DOWNLOAD;SUCCESS;C:\Users\sesa857782\Documents\idoc_experiments\0000000117701080_STAT.json;Frontend export completed.
0000000117701080;CTRL.json;GUI_DOWNLOAD;SUCCESS;C:\Users\sesa857782\Documents\idoc_experiments\0000000117701080_CTRL.json;Frontend export completed.
0000000117701080;CONTENT.xml;GUI_DOWNLOAD;SUCCESS;C:\Users\sesa857782\Documents\idoc_experiments\0000000117701080_CONTENT.xml;Frontend export completed.
0000000117701080;CTRL_TABLE;GUI_DOWNLOAD;SUCCESS;ZALE_EXP_CTRL;Status 0000000000000001 registered.
0000000117701082;STAT.json;GUI_DOWNLOAD;SUCCESS;C:\Users\sesa857782\Documents\idoc_experiments\0000000117701082_STAT.json;Frontend export completed.
0000000117701082;CTRL.json;GUI_DOWNLOAD;SUCCESS;C:\Users\sesa857782\Documents\idoc_experiments\0000000117701082_CTRL.json;Frontend export completed.
0000000117701082;CONTENT.xml;GUI_DOWNLOAD;SUCCESS;C:\Users\sesa857782\Documents\idoc_experiments\0000000117701082_CONTENT.xml;Frontend export completed.
0000000117701082;CTRL_TABLE;GUI_DOWNLOAD;SUCCESS;ZALE_EXP_CTRL;Status 0000000000000001 registered.
0000000117701088;STAT.json;GUI_DOWNLOAD;SUCCESS;C:\Users\sesa857782\Documents\idoc_experiments\0000000117701088_STAT.json;Frontend export completed.
0000000117701088;CTRL.json;GUI_DOWNLOAD;SUCCESS;C:\Users\sesa857782\Documents\idoc_experiments\0000000117701088_CTRL.json;Frontend export completed.
0000000117701088;CONTENT.xml;GUI_DOWNLOAD;SUCCESS;C:\Users\sesa857782\Documents\idoc_experiments\0000000117701088_CONTENT.xml;Frontend export completed.
0000000117701088;CTRL_TABLE;GUI_DOWNLOAD;SUCCESS;ZALE_EXP_CTRL;Status 0000000000000001 registered.
0000000117701090;STAT.json;GUI_DOWNLOAD;SUCCESS;C:\Users\sesa857782\Documents\idoc_experiments\0000000117701090_STAT.json;Frontend export completed.
0000000117701090;CTRL.json;GUI_DOWNLOAD;SUCCESS;C:\Users\sesa857782\Documents\idoc_experiments\0000000117701090_CTRL.json;Frontend export completed.
0000000117701090;CONTENT.xml;GUI_DOWNLOAD;SUCCESS;C:\Users\sesa857782\Documents\idoc_experiments\0000000117701090_CONTENT.xml;Frontend export completed.
0000000117701090;CTRL_TABLE;GUI_DOWNLOAD;SUCCESS;ZALE_EXP_CTRL;Status 0000000000000001 registered.
0000000117701092;STAT.json;GUI_DOWNLOAD;SUCCESS;C:\Users\sesa857782\Documents\idoc_experiments\0000000117701092_STAT.json;Frontend export completed.
0000000117701092;CTRL.json;GUI_DOWNLOAD;SUCCESS;C:\Users\sesa857782\Documents\idoc_experiments\0000000117701092_CTRL.json;Frontend export completed.
0000000117701092;CONTENT.xml;GUI_DOWNLOAD;SUCCESS;C:\Users\sesa857782\Documents\idoc_experiments\0000000117701092_CONTENT.xml;Frontend export completed.
0000000117701092;CTRL_TABLE;GUI_DOWNLOAD;SUCCESS;ZALE_EXP_CTRL;Status 0000000000000001 registered.
0000000117701094;STAT.json;GUI_DOWNLOAD;SUCCESS;C:\Users\sesa857782\Documents\idoc_experiments\0000000117701094_STAT.json;Frontend export completed.
0000000117701094;CTRL.json;GUI_DOWNLOAD;SUCCESS;C:\Users\sesa857782\Documents\idoc_experiments\0000000117701094_CTRL.json;Frontend export completed.
0000000117701094;CONTENT.xml;GUI_DOWNLOAD;SUCCESS;C:\Users\sesa857782\Documents\idoc_experiments\0000000117701094_CONTENT.xml;Frontend export completed.
0000000117701094;CTRL_TABLE;GUI_DOWNLOAD;SUCCESS;ZALE_EXP_CTRL;Status 0000000000000001 registered.
0000000117701099;STAT.json;GUI_DOWNLOAD;SUCCESS;C:\Users\sesa857782\Documents\idoc_experiments\0000000117701099_STAT.json;Frontend export completed.
0000000117701099;CTRL.json;GUI_DOWNLOAD;SUCCESS;C:\Users\sesa857782\Documents\idoc_experiments\0000000117701099_CTRL.json;Frontend export completed.
0000000117701099;CONTENT.xml;GUI_DOWNLOAD;SUCCESS;C:\Users\sesa857782\Documents\idoc_experiments\0000000117701099_CONTENT.xml;Frontend export completed.
0000000117701099;CTRL_TABLE;GUI_DOWNLOAD;SUCCESS;ZALE_EXP_CTRL;Status 0000000000000001 registered.
0000000117701101;STAT.json;GUI_DOWNLOAD;SUCCESS;C:\Users\sesa857782\Documents\idoc_experiments\0000000117701101_STAT.json;Frontend export completed.
0000000117701101;CTRL.json;GUI_DOWNLOAD;SUCCESS;C:\Users\sesa857782\Documents\idoc_experiments\0000000117701101_CTRL.json;Frontend export completed.
0000000117701101;CONTENT.xml;GUI_DOWNLOAD;SUCCESS;C:\Users\sesa857782\Documents\idoc_experiments\0000000117701101_CONTENT.xml;Frontend export completed.
0000000117701101;CTRL_TABLE;GUI_DOWNLOAD;SUCCESS;ZALE_EXP_CTRL;Status 0000000000000001 registered.
0000000117701103;STAT.json;GUI_DOWNLOAD;SUCCESS;C:\Users\sesa857782\Documents\idoc_experiments\0000000117701103_STAT.json;Frontend export completed.
0000000117701103;CTRL.json;GUI_DOWNLOAD;SUCCESS;C:\Users\sesa857782\Documents\idoc_experiments\0000000117701103_CTRL.json;Frontend export completed.
0000000117701103;CONTENT.xml;GUI_DOWNLOAD;SUCCESS;C:\Users\sesa857782\Documents\idoc_experiments\0000000117701103_CONTENT.xml;Frontend export completed.
0000000117701103;CTRL_TABLE;GUI_DOWNLOAD;SUCCESS;ZALE_EXP_CTRL;Status 0000000000000001 registered.
0000000117701105;STAT.json;GUI_DOWNLOAD;SUCCESS;C:\Users\sesa857782\Documents\idoc_experiments\0000000117701105_STAT.json;Frontend export completed.
0000000117701105;CTRL.json;GUI_DOWNLOAD;SUCCESS;C:\Users\sesa857782\Documents\idoc_experiments\0000000117701105_CTRL.json;Frontend export completed.
0000000117701105;CONTENT.xml;GUI_DOWNLOAD;SUCCESS;C:\Users\sesa857782\Documents\idoc_experiments\0000000117701105_CONTENT.xml;Frontend export completed.
0000000117701105;CTRL_TABLE;GUI_DOWNLOAD;SUCCESS;ZALE_EXP_CTRL;Status 0000000000000001 registered.
0000000117701107;STAT.json;GUI_DOWNLOAD;SUCCESS;C:\Users\sesa857782\Documents\idoc_experiments\0000000117701107_STAT.json;Frontend export completed.
0000000117701107;CTRL.json;GUI_DOWNLOAD;SUCCESS;C:\Users\sesa857782\Documents\idoc_experiments\0000000117701107_CTRL.json;Frontend export completed.
0000000117701107;CONTENT.xml;GUI_DOWNLOAD;SUCCESS;C:\Users\sesa857782\Documents\idoc_experiments\0000000117701107_CONTENT.xml;Frontend export completed.
0000000117701107;CTRL_TABLE;GUI_DOWNLOAD;SUCCESS;ZALE_EXP_CTRL;Status 0000000000000001 registered.
0000000117701109;STAT.json;GUI_DOWNLOAD;SUCCESS;C:\Users\sesa857782\Documents\idoc_experiments\0000000117701109_STAT.json;Frontend export completed.
0000000117701109;CTRL.json;GUI_DOWNLOAD;SUCCESS;C:\Users\sesa857782\Documents\idoc_experiments\0000000117701109_CTRL.json;Frontend export completed.
0000000117701109;CONTENT.xml;GUI_DOWNLOAD;SUCCESS;C:\Users\sesa857782\Documents\idoc_experiments\0000000117701109_CONTENT.xml;Frontend export completed.
0000000117701109;CTRL_TABLE;GUI_DOWNLOAD;SUCCESS;ZALE_EXP_CTRL;Status 0000000000000001 registered.
0000000117701111;STAT.json;GUI_DOWNLOAD;SUCCESS;C:\Users\sesa857782\Documents\idoc_experiments\0000000117701111_STAT.json;Frontend export completed.
0000000117701111;CTRL.json;GUI_DOWNLOAD;SUCCESS;C:\Users\sesa857782\Documents\idoc_experiments\0000000117701111_CTRL.json;Frontend export completed.
0000000117701111;CONTENT.xml;GUI_DOWNLOAD;SUCCESS;C:\Users\sesa857782\Documents\idoc_experiments\0000000117701111_CONTENT.xml;Frontend export completed.
0000000117701111;CTRL_TABLE;GUI_DOWNLOAD;SUCCESS;ZALE_EXP_CTRL;Status 0000000000000001 registered.
0000000117701113;STAT.json;GUI_DOWNLOAD;SUCCESS;C:\Users\sesa857782\Documents\idoc_experiments\0000000117701113_STAT.json;Frontend export completed.
0000000117701113;CTRL.json;GUI_DOWNLOAD;SUCCESS;C:\Users\sesa857782\Documents\idoc_experiments\0000000117701113_CTRL.json;Frontend export completed.
0000000117701113;CONTENT.xml;GUI_DOWNLOAD;SUCCESS;C:\Users\sesa857782\Documents\idoc_experiments\0000000117701113_CONTENT.xml;Frontend export completed.
0000000117701113;CTRL_TABLE;GUI_DOWNLOAD;SUCCESS;ZALE_EXP_CTRL;Status 0000000000000001 registered.
0000000117701115;STAT.json;GUI_DOWNLOAD;SUCCESS;C:\Users\sesa857782\Documents\idoc_experiments\0000000117701115_STAT.json;Frontend export completed.
0000000117701115;CTRL.json;GUI_DOWNLOAD;SUCCESS;C:\Users\sesa857782\Documents\idoc_experiments\0000000117701115_CTRL.json;Frontend export completed.
0000000117701115;CONTENT.xml;GUI_DOWNLOAD;SUCCESS;C:\Users\sesa857782\Documents\idoc_experiments\0000000117701115_CONTENT.xml;Frontend export completed.
0000000117701115;CTRL_TABLE;GUI_DOWNLOAD;SUCCESS;ZALE_EXP_CTRL;Status 0000000000000001 registered.
0000000117701117;STAT.json;GUI_DOWNLOAD;SUCCESS;C:\Users\sesa857782\Documents\idoc_experiments\0000000117701117_STAT.json;Frontend export completed.
0000000117701117;CTRL.json;GUI_DOWNLOAD;SUCCESS;C:\Users\sesa857782\Documents\idoc_experiments\0000000117701117_CTRL.json;Frontend export completed.
0000000117701117;CONTENT.xml;GUI_DOWNLOAD;SUCCESS;C:\Users\sesa857782\Documents\idoc_experiments\0000000117701117_CONTENT.xml;Frontend export completed.
0000000117701117;CTRL_TABLE;GUI_DOWNLOAD;SUCCESS;ZALE_EXP_CTRL;Status 0000000000000001 registered.
0000000117701119;STAT.json;GUI_DOWNLOAD;SUCCESS;C:\Users\sesa857782\Documents\idoc_experiments\0000000117701119_STAT.json;Frontend export completed.
0000000117701119;CTRL.json;GUI_DOWNLOAD;SUCCESS;C:\Users\sesa857782\Documents\idoc_experiments\0000000117701119_CTRL.json;Frontend export completed.
0000000117701119;CONTENT.xml;GUI_DOWNLOAD;SUCCESS;C:\Users\sesa857782\Documents\idoc_experiments\0000000117701119_CONTENT.xml;Frontend export completed.
0000000117701119;CTRL_TABLE;GUI_DOWNLOAD;SUCCESS;ZALE_EXP_CTRL;Status 0000000000000001 registered.
0000000117701121;STAT.json;GUI_DOWNLOAD;SUCCESS;C:\Users\sesa857782\Documents\idoc_experiments\0000000117701121_STAT.json;Frontend export completed.
0000000117701121;CTRL.json;GUI_DOWNLOAD;SUCCESS;C:\Users\sesa857782\Documents\idoc_experiments\0000000117701121_CTRL.json;Frontend export completed.
0000000117701121;CONTENT.xml;GUI_DOWNLOAD;SUCCESS;C:\Users\sesa857782\Documents\idoc_experiments\0000000117701121_CONTENT.xml;Frontend export completed.
0000000117701121;CTRL_TABLE;GUI_DOWNLOAD;SUCCESS;ZALE_EXP_CTRL;Status 0000000000000001 registered.
0000000117701123;STAT.json;GUI_DOWNLOAD;SUCCESS;C:\Users\sesa857782\Documents\idoc_experiments\0000000117701123_STAT.json;Frontend export completed.
0000000117701123;CTRL.json;GUI_DOWNLOAD;SUCCESS;C:\Users\sesa857782\Documents\idoc_experiments\0000000117701123_CTRL.json;Frontend export completed.
0000000117701123;CONTENT.xml;GUI_DOWNLOAD;SUCCESS;C:\Users\sesa857782\Documents\idoc_experiments\0000000117701123_CONTENT.xml;Frontend export completed.
0000000117701123;CTRL_TABLE;GUI_DOWNLOAD;SUCCESS;ZALE_EXP_CTRL;Status 0000000000000001 registered.
0000000117701125;STAT.json;GUI_DOWNLOAD;SUCCESS;C:\Users\sesa857782\Documents\idoc_experiments\0000000117701125_STAT.json;Frontend export completed.
0000000117701125;CTRL.json;GUI_DOWNLOAD;SUCCESS;C:\Users\sesa857782\Documents\idoc_experiments\0000000117701125_CTRL.json;Frontend export completed.
0000000117701125;CONTENT.xml;GUI_DOWNLOAD;SUCCESS;C:\Users\sesa857782\Documents\idoc_experiments\0000000117701125_CONTENT.xml;Frontend export completed.
0000000117701125;CTRL_TABLE;GUI_DOWNLOAD;SUCCESS;ZALE_EXP_CTRL;Status 0000000000000001 registered.
0000000117701127;STAT.json;GUI_DOWNLOAD;SUCCESS;C:\Users\sesa857782\Documents\idoc_experiments\0000000117701127_STAT.json;Frontend export completed.
0000000117701127;CTRL.json;GUI_DOWNLOAD;SUCCESS;C:\Users\sesa857782\Documents\idoc_experiments\0000000117701127_CTRL.json;Frontend export completed.
0000000117701127;CONTENT.xml;GUI_DOWNLOAD;SUCCESS;C:\Users\sesa857782\Documents\idoc_experiments\0000000117701127_CONTENT.xml;Frontend export completed.
0000000117701127;CTRL_TABLE;GUI_DOWNLOAD;SUCCESS;ZALE_EXP_CTRL;Status 0000000000000001 registered.
0000000117701129;STAT.json;GUI_DOWNLOAD;SUCCESS;C:\Users\sesa857782\Documents\idoc_experiments\0000000117701129_STAT.json;Frontend export completed.
0000000117701129;CTRL.json;GUI_DOWNLOAD;SUCCESS;C:\Users\sesa857782\Documents\idoc_experiments\0000000117701129_CTRL.json;Frontend export completed.
0000000117701129;CONTENT.xml;GUI_DOWNLOAD;SUCCESS;C:\Users\sesa857782\Documents\idoc_experiments\0000000117701129_CONTENT.xml;Frontend export completed.
0000000117701129;CTRL_TABLE;GUI_DOWNLOAD;SUCCESS;ZALE_EXP_CTRL;Status 0000000000000001 registered.
0000000117701131;STAT.json;GUI_DOWNLOAD;SUCCESS;C:\Users\sesa857782\Documents\idoc_experiments\0000000117701131_STAT.json;Frontend export completed.
0000000117701131;CTRL.json;GUI_DOWNLOAD;SUCCESS;C:\Users\sesa857782\Documents\idoc_experiments\0000000117701131_CTRL.json;Frontend export completed.
0000000117701131;CONTENT.xml;GUI_DOWNLOAD;SUCCESS;C:\Users\sesa857782\Documents\idoc_experiments\0000000117701131_CONTENT.xml;Frontend export completed.
0000000117701131;CTRL_TABLE;GUI_DOWNLOAD;SUCCESS;ZALE_EXP_CTRL;Status 0000000000000001 registered.
0000000117701133;STAT.json;GUI_DOWNLOAD;SUCCESS;C:\Users\sesa857782\Documents\idoc_experiments\0000000117701133_STAT.json;Frontend export completed.
0000000117701133;CTRL.json;GUI_DOWNLOAD;SUCCESS;C:\Users\sesa857782\Documents\idoc_experiments\0000000117701133_CTRL.json;Frontend export completed.
0000000117701133;CONTENT.xml;GUI_DOWNLOAD;SUCCESS;C:\Users\sesa857782\Documents\idoc_experiments\0000000117701133_CONTENT.xml;Frontend export completed.
0000000117701133;CTRL_TABLE;GUI_DOWNLOAD;SUCCESS;ZALE_EXP_CTRL;Status 0000000000000001 registered.
0000000117701135;STAT.json;GUI_DOWNLOAD;SUCCESS;C:\Users\sesa857782\Documents\idoc_experiments\0000000117701135_STAT.json;Frontend export completed.
0000000117701135;CTRL.json;GUI_DOWNLOAD;SUCCESS;C:\Users\sesa857782\Documents\idoc_experiments\0000000117701135_CTRL.json;Frontend export completed.
0000000117701135;CONTENT.xml;GUI_DOWNLOAD;SUCCESS;C:\Users\sesa857782\Documents\idoc_experiments\0000000117701135_CONTENT.xml;Frontend export completed.
0000000117701135;CTRL_TABLE;GUI_DOWNLOAD;SUCCESS;ZALE_EXP_CTRL;Status 0000000000000001 registered.
0000000117701137;STAT.json;GUI_DOWNLOAD;SUCCESS;C:\Users\sesa857782\Documents\idoc_experiments\0000000117701137_STAT.json;Frontend export completed.
0000000117701137;CTRL.json;GUI_DOWNLOAD;SUCCESS;C:\Users\sesa857782\Documents\idoc_experiments\0000000117701137_CTRL.json;Frontend export completed.
0000000117701137;CONTENT.xml;GUI_DOWNLOAD;SUCCESS;C:\Users\sesa857782\Documents\idoc_experiments\0000000117701137_CONTENT.xml;Frontend export completed.
0000000117701137;CTRL_TABLE;GUI_DOWNLOAD;SUCCESS;ZALE_EXP_CTRL;Status 0000000000000001 registered.
0000000117701139;STAT.json;GUI_DOWNLOAD;SUCCESS;C:\Users\sesa857782\Documents\idoc_experiments\0000000117701139_STAT.json;Frontend export completed.
0000000117701139;CTRL.json;GUI_DOWNLOAD;SUCCESS;C:\Users\sesa857782\Documents\idoc_experiments\0000000117701139_CTRL.json;Frontend export completed.
0000000117701139;CONTENT.xml;GUI_DOWNLOAD;SUCCESS;C:\Users\sesa857782\Documents\idoc_experiments\0000000117701139_CONTENT.xml;Frontend export completed.
0000000117701139;CTRL_TABLE;GUI_DOWNLOAD;SUCCESS;ZALE_EXP_CTRL;Status 0000000000000001 registered.
0000000117701141;STAT.json;GUI_DOWNLOAD;SUCCESS;C:\Users\sesa857782\Documents\idoc_experiments\0000000117701141_STAT.json;Frontend export completed.
0000000117701141;CTRL.json;GUI_DOWNLOAD;SUCCESS;C:\Users\sesa857782\Documents\idoc_experiments\0000000117701141_CTRL.json;Frontend export completed.
0000000117701141;CONTENT.xml;GUI_DOWNLOAD;SUCCESS;C:\Users\sesa857782\Documents\idoc_experiments\0000000117701141_CONTENT.xml;Frontend export completed.
0000000117701141;CTRL_TABLE;GUI_DOWNLOAD;SUCCESS;ZALE_EXP_CTRL;Status 0000000000000001 registered.
0000000117701143;STAT.json;GUI_DOWNLOAD;SUCCESS;C:\Users\sesa857782\Documents\idoc_experiments\0000000117701143_STAT.json;Frontend export completed.
0000000117701143;CTRL.json;GUI_DOWNLOAD;SUCCESS;C:\Users\sesa857782\Documents\idoc_experiments\0000000117701143_CTRL.json;Frontend export completed.
0000000117701143;CONTENT.xml;GUI_DOWNLOAD;SUCCESS;C:\Users\sesa857782\Documents\idoc_experiments\0000000117701143_CONTENT.xml;Frontend export completed.
0000000117701143;CTRL_TABLE;GUI_DOWNLOAD;SUCCESS;ZALE_EXP_CTRL;Status 0000000000000001 registered.
0000000117701145;STAT.json;GUI_DOWNLOAD;SUCCESS;C:\Users\sesa857782\Documents\idoc_experiments\0000000117701145_STAT.json;Frontend export completed.
0000000117701145;CTRL.json;GUI_DOWNLOAD;SUCCESS;C:\Users\sesa857782\Documents\idoc_experiments\0000000117701145_CTRL.json;Frontend export completed.
0000000117701145;CONTENT.xml;GUI_DOWNLOAD;SUCCESS;C:\Users\sesa857782\Documents\idoc_experiments\0000000117701145_CONTENT.xml;Frontend export completed.
0000000117701145;CTRL_TABLE;GUI_DOWNLOAD;SUCCESS;ZALE_EXP_CTRL;Status 0000000000000001 registered.
0000000117701147;STAT.json;GUI_DOWNLOAD;SUCCESS;C:\Users\sesa857782\Documents\idoc_experiments\0000000117701147_STAT.json;Frontend export completed.
0000000117701147;CTRL.json;GUI_DOWNLOAD;SUCCESS;C:\Users\sesa857782\Documents\idoc_experiments\0000000117701147_CTRL.json;Frontend export completed.
0000000117701147;CONTENT.xml;GUI_DOWNLOAD;SUCCESS;C:\Users\sesa857782\Documents\idoc_experiments\0000000117701147_CONTENT.xml;Frontend export completed.
0000000117701147;CTRL_TABLE;GUI_DOWNLOAD;SUCCESS;ZALE_EXP_CTRL;Status 0000000000000001 registered.
0000000117701149;STAT.json;GUI_DOWNLOAD;SUCCESS;C:\Users\sesa857782\Documents\idoc_experiments\0000000117701149_STAT.json;Frontend export completed.
0000000117701149;CTRL.json;GUI_DOWNLOAD;SUCCESS;C:\Users\sesa857782\Documents\idoc_experiments\0000000117701149_CTRL.json;Frontend export completed.
0000000117701149;CONTENT.xml;GUI_DOWNLOAD;SUCCESS;C:\Users\sesa857782\Documents\idoc_experiments\0000000117701149_CONTENT.xml;Frontend export completed.
0000000117701149;CTRL_TABLE;GUI_DOWNLOAD;SUCCESS;ZALE_EXP_CTRL;Status 0000000000000001 registered.
0000000117701151;STAT.json;GUI_DOWNLOAD;SUCCESS;C:\Users\sesa857782\Documents\idoc_experiments\0000000117701151_STAT.json;Frontend export completed.
0000000117701151;CTRL.json;GUI_DOWNLOAD;SUCCESS;C:\Users\sesa857782\Documents\idoc_experiments\0000000117701151_CTRL.json;Frontend export completed.
0000000117701151;CONTENT.xml;GUI_DOWNLOAD;SUCCESS;C:\Users\sesa857782\Documents\idoc_experiments\0000000117701151_CONTENT.xml;Frontend export completed.
0000000117701151;CTRL_TABLE;GUI_DOWNLOAD;SUCCESS;ZALE_EXP_CTRL;Status 0000000000000001 registered.
0000000117701153;STAT.json;GUI_DOWNLOAD;SUCCESS;C:\Users\sesa857782\Documents\idoc_experiments\0000000117701153_STAT.json;Frontend export completed.
0000000117701153;CTRL.json;GUI_DOWNLOAD;SUCCESS;C:\Users\sesa857782\Documents\idoc_experiments\0000000117701153_CTRL.json;Frontend export completed.
0000000117701153;CONTENT.xml;GUI_DOWNLOAD;SUCCESS;C:\Users\sesa857782\Documents\idoc_experiments\0000000117701153_CONTENT.xml;Frontend export completed.
0000000117701153;CTRL_TABLE;GUI_DOWNLOAD;SUCCESS;ZALE_EXP_CTRL;Status 0000000000000001 registered.
0000000117701155;STAT.json;GUI_DOWNLOAD;SUCCESS;C:\Users\sesa857782\Documents\idoc_experiments\0000000117701155_STAT.json;Frontend export completed.
0000000117701155;CTRL.json;GUI_DOWNLOAD;SUCCESS;C:\Users\sesa857782\Documents\idoc_experiments\0000000117701155_CTRL.json;Frontend export completed.
0000000117701155;CONTENT.xml;GUI_DOWNLOAD;SUCCESS;C:\Users\sesa857782\Documents\idoc_experiments\0000000117701155_CONTENT.xml;Frontend export completed.
0000000117701155;CTRL_TABLE;GUI_DOWNLOAD;SUCCESS;ZALE_EXP_CTRL;Status 0000000000000001 registered.
0000000117701157;STAT.json;GUI_DOWNLOAD;SUCCESS;C:\Users\sesa857782\Documents\idoc_experiments\0000000117701157_STAT.json;Frontend export completed.
0000000117701157;CTRL.json;GUI_DOWNLOAD;SUCCESS;C:\Users\sesa857782\Documents\idoc_experiments\0000000117701157_CTRL.json;Frontend export completed.
0000000117701157;CONTENT.xml;GUI_DOWNLOAD;SUCCESS;C:\Users\sesa857782\Documents\idoc_experiments\0000000117701157_CONTENT.xml;Frontend export completed.
0000000117701157;CTRL_TABLE;GUI_DOWNLOAD;SUCCESS;ZALE_EXP_CTRL;Status 0000000000000001 registered.
0000000117701159;STAT.json;GUI_DOWNLOAD;SUCCESS;C:\Users\sesa857782\Documents\idoc_experiments\0000000117701159_STAT.json;Frontend export completed.
0000000117701159;CTRL.json;GUI_DOWNLOAD;SUCCESS;C:\Users\sesa857782\Documents\idoc_experiments\0000000117701159_CTRL.json;Frontend export completed.
0000000117701159;CONTENT.xml;GUI_DOWNLOAD;SUCCESS;C:\Users\sesa857782\Documents\idoc_experiments\0000000117701159_CONTENT.xml;Frontend export completed.
0000000117701159;CTRL_TABLE;GUI_DOWNLOAD;SUCCESS;ZALE_EXP_CTRL;Status 0000000000000001 registered.
0000000117701161;STAT.json;GUI_DOWNLOAD;SUCCESS;C:\Users\sesa857782\Documents\idoc_experiments\0000000117701161_STAT.json;Frontend export completed.
0000000117701161;CTRL.json;GUI_DOWNLOAD;SUCCESS;C:\Users\sesa857782\Documents\idoc_experiments\0000000117701161_CTRL.json;Frontend export completed.
0000000117701161;CONTENT.xml;GUI_DOWNLOAD;SUCCESS;C:\Users\sesa857782\Documents\idoc_experiments\0000000117701161_CONTENT.xml;Frontend export completed.
0000000117701161;CTRL_TABLE;GUI_DOWNLOAD;SUCCESS;ZALE_EXP_CTRL;Status 0000000000000001 registered.
0000000117701163;STAT.json;GUI_DOWNLOAD;SUCCESS;C:\Users\sesa857782\Documents\idoc_experiments\0000000117701163_STAT.json;Frontend export completed.
0000000117701163;CTRL.json;GUI_DOWNLOAD;SUCCESS;C:\Users\sesa857782\Documents\idoc_experiments\0000000117701163_CTRL.json;Frontend export completed.
0000000117701163;CONTENT.xml;GUI_DOWNLOAD;SUCCESS;C:\Users\sesa857782\Documents\idoc_experiments\0000000117701163_CONTENT.xml;Frontend export completed.
0000000117701163;CTRL_TABLE;GUI_DOWNLOAD;SUCCESS;ZALE_EXP_CTRL;Status 0000000000000001 registered.
0000000117701165;STAT.json;GUI_DOWNLOAD;SUCCESS;C:\Users\sesa857782\Documents\idoc_experiments\0000000117701165_STAT.json;Frontend export completed.
0000000117701165;CTRL.json;GUI_DOWNLOAD;SUCCESS;C:\Users\sesa857782\Documents\idoc_experiments\0000000117701165_CTRL.json;Frontend export completed.
0000000117701165;CONTENT.xml;GUI_DOWNLOAD;SUCCESS;C:\Users\sesa857782\Documents\idoc_experiments\0000000117701165_CONTENT.xml;Frontend export completed.
0000000117701165;CTRL_TABLE;GUI_DOWNLOAD;SUCCESS;ZALE_EXP_CTRL;Status 0000000000000001 registered.
0000000117701167;STAT.json;GUI_DOWNLOAD;SUCCESS;C:\Users\sesa857782\Documents\idoc_experiments\0000000117701167_STAT.json;Frontend export completed.
0000000117701167;CTRL.json;GUI_DOWNLOAD;SUCCESS;C:\Users\sesa857782\Documents\idoc_experiments\0000000117701167_CTRL.json;Frontend export completed.
0000000117701167;CONTENT.xml;GUI_DOWNLOAD;SUCCESS;C:\Users\sesa857782\Documents\idoc_experiments\0000000117701167_CONTENT.xml;Frontend export completed.
0000000117701167;CTRL_TABLE;GUI_DOWNLOAD;SUCCESS;ZALE_EXP_CTRL;Status 0000000000000001 registered.
0000000117701169;STAT.json;GUI_DOWNLOAD;SUCCESS;C:\Users\sesa857782\Documents\idoc_experiments\0000000117701169_STAT.json;Frontend export completed.
0000000117701169;CTRL.json;GUI_DOWNLOAD;SUCCESS;C:\Users\sesa857782\Documents\idoc_experiments\0000000117701169_CTRL.json;Frontend export completed.
0000000117701169;CONTENT.xml;GUI_DOWNLOAD;SUCCESS;C:\Users\sesa857782\Documents\idoc_experiments\0000000117701169_CONTENT.xml;Frontend export completed.
0000000117701169;CTRL_TABLE;GUI_DOWNLOAD;SUCCESS;ZALE_EXP_CTRL;Status 0000000000000001 registered.
0000000117701171;STAT.json;GUI_DOWNLOAD;SUCCESS;C:\Users\sesa857782\Documents\idoc_experiments\0000000117701171_STAT.json;Frontend export completed.
0000000117701171;CTRL.json;GUI_DOWNLOAD;SUCCESS;C:\Users\sesa857782\Documents\idoc_experiments\0000000117701171_CTRL.json;Frontend export completed.
0000000117701171;CONTENT.xml;GUI_DOWNLOAD;SUCCESS;C:\Users\sesa857782\Documents\idoc_experiments\0000000117701171_CONTENT.xml;Frontend export completed.
0000000117701171;CTRL_TABLE;GUI_DOWNLOAD;SUCCESS;ZALE_EXP_CTRL;Status 0000000000000001 registered.
0000000117701173;STAT.json;GUI_DOWNLOAD;SUCCESS;C:\Users\sesa857782\Documents\idoc_experiments\0000000117701173_STAT.json;Frontend export completed.
0000000117701173;CTRL.json;GUI_DOWNLOAD;SUCCESS;C:\Users\sesa857782\Documents\idoc_experiments\0000000117701173_CTRL.json;Frontend export completed.
0000000117701173;CONTENT.xml;GUI_DOWNLOAD;SUCCESS;C:\Users\sesa857782\Documents\idoc_experiments\0000000117701173_CONTENT.xml;Frontend export completed.
0000000117701173;CTRL_TABLE;GUI_DOWNLOAD;SUCCESS;ZALE_EXP_CTRL;Status 0000000000000001 registered.
0000000117701175;STAT.json;GUI_DOWNLOAD;SUCCESS;C:\Users\sesa857782\Documents\idoc_experiments\0000000117701175_STAT.json;Frontend export completed.
0000000117701175;CTRL.json;GUI_DOWNLOAD;SUCCESS;C:\Users\sesa857782\Documents\idoc_experiments\0000000117701175_CTRL.json;Frontend export completed.
0000000117701175;CONTENT.xml;GUI_DOWNLOAD;SUCCESS;C:\Users\sesa857782\Documents\idoc_experiments\0000000117701175_CONTENT.xml;Frontend export completed.
0000000117701175;CTRL_TABLE;GUI_DOWNLOAD;SUCCESS;ZALE_EXP_CTRL;Status 0000000000000001 registered.
0000000117701177;STAT.json;GUI_DOWNLOAD;SUCCESS;C:\Users\sesa857782\Documents\idoc_experiments\0000000117701177_STAT.json;Frontend export completed.
0000000117701177;CTRL.json;GUI_DOWNLOAD;SUCCESS;C:\Users\sesa857782\Documents\idoc_experiments\0000000117701177_CTRL.json;Frontend export completed.
0000000117701177;CONTENT.xml;GUI_DOWNLOAD;SUCCESS;C:\Users\sesa857782\Documents\idoc_experiments\0000000117701177_CONTENT.xml;Frontend export completed.
0000000117701177;CTRL_TABLE;GUI_DOWNLOAD;SUCCESS;ZALE_EXP_CTRL;Status 0000000000000001 registered.
0000000117701179;STAT.json;GUI_DOWNLOAD;SUCCESS;C:\Users\sesa857782\Documents\idoc_experiments\0000000117701179_STAT.json;Frontend export completed.
0000000117701179;CTRL.json;GUI_DOWNLOAD;SUCCESS;C:\Users\sesa857782\Documents\idoc_experiments\0000000117701179_CTRL.json;Frontend export completed.
0000000117701179;CONTENT.xml;GUI_DOWNLOAD;SUCCESS;C:\Users\sesa857782\Documents\idoc_experiments\0000000117701179_CONTENT.xml;Frontend export completed.
0000000117701179;CTRL_TABLE;GUI_DOWNLOAD;SUCCESS;ZALE_EXP_CTRL;Status 0000000000000001 registered.
0000000117701181;STAT.json;GUI_DOWNLOAD;SUCCESS;C:\Users\sesa857782\Documents\idoc_experiments\0000000117701181_STAT.json;Frontend export completed.
0000000117701181;CTRL.json;GUI_DOWNLOAD;SUCCESS;C:\Users\sesa857782\Documents\idoc_experiments\0000000117701181_CTRL.json;Frontend export completed.
0000000117701181;CONTENT.xml;GUI_DOWNLOAD;SUCCESS;C:\Users\sesa857782\Documents\idoc_experiments\0000000117701181_CONTENT.xml;Frontend export completed.
0000000117701181;CTRL_TABLE;GUI_DOWNLOAD;SUCCESS;ZALE_EXP_CTRL;Status 0000000000000001 registered.
0000000117701183;STAT.json;GUI_DOWNLOAD;SUCCESS;C:\Users\sesa857782\Documents\idoc_experiments\0000000117701183_STAT.json;Frontend export completed.
0000000117701183;CTRL.json;GUI_DOWNLOAD;SUCCESS;C:\Users\sesa857782\Documents\idoc_experiments\0000000117701183_CTRL.json;Frontend export completed.
0000000117701183;CONTENT.xml;GUI_DOWNLOAD;SUCCESS;C:\Users\sesa857782\Documents\idoc_experiments\0000000117701183_CONTENT.xml;Frontend export completed.
0000000117701183;CTRL_TABLE;GUI_DOWNLOAD;SUCCESS;ZALE_EXP_CTRL;Status 0000000000000001 registered.
0000000117701185;STAT.json;GUI_DOWNLOAD;SUCCESS;C:\Users\sesa857782\Documents\idoc_experiments\0000000117701185_STAT.json;Frontend export completed.
0000000117701185;CTRL.json;GUI_DOWNLOAD;SUCCESS;C:\Users\sesa857782\Documents\idoc_experiments\0000000117701185_CTRL.json;Frontend export completed.
0000000117701185;CONTENT.xml;GUI_DOWNLOAD;SUCCESS;C:\Users\sesa857782\Documents\idoc_experiments\0000000117701185_CONTENT.xml;Frontend export completed.
0000000117701185;CTRL_TABLE;GUI_DOWNLOAD;SUCCESS;ZALE_EXP_CTRL;Status 0000000000000001 registered.
0000000117701187;STAT.json;GUI_DOWNLOAD;SUCCESS;C:\Users\sesa857782\Documents\idoc_experiments\0000000117701187_STAT.json;Frontend export completed.
0000000117701187;CTRL.json;GUI_DOWNLOAD;SUCCESS;C:\Users\sesa857782\Documents\idoc_experiments\0000000117701187_CTRL.json;Frontend export completed.
0000000117701187;CONTENT.xml;GUI_DOWNLOAD;SUCCESS;C:\Users\sesa857782\Documents\idoc_experiments\0000000117701187_CONTENT.xml;Frontend export completed.
0000000117701187;CTRL_TABLE;GUI_DOWNLOAD;SUCCESS;ZALE_EXP_CTRL;Status 0000000000000001 registered.
0000000117701189;STAT.json;GUI_DOWNLOAD;SUCCESS;C:\Users\sesa857782\Documents\idoc_experiments\0000000117701189_STAT.json;Frontend export completed.
0000000117701189;CTRL.json;GUI_DOWNLOAD;SUCCESS;C:\Users\sesa857782\Documents\idoc_experiments\0000000117701189_CTRL.json;Frontend export completed.
0000000117701189;CONTENT.xml;GUI_DOWNLOAD;SUCCESS;C:\Users\sesa857782\Documents\idoc_experiments\0000000117701189_CONTENT.xml;Frontend export completed.
0000000117701189;CTRL_TABLE;GUI_DOWNLOAD;SUCCESS;ZALE_EXP_CTRL;Status 0000000000000001 registered.
0000000117701191;STAT.json;GUI_DOWNLOAD;SUCCESS;C:\Users\sesa857782\Documents\idoc_experiments\0000000117701191_STAT.json;Frontend export completed.
0000000117701191;CTRL.json;GUI_DOWNLOAD;SUCCESS;C:\Users\sesa857782\Documents\idoc_experiments\0000000117701191_CTRL.json;Frontend export completed.
0000000117701191;CONTENT.xml;GUI_DOWNLOAD;SUCCESS;C:\Users\sesa857782\Documents\idoc_experiments\0000000117701191_CONTENT.xml;Frontend export completed.
0000000117701191;CTRL_TABLE;GUI_DOWNLOAD;SUCCESS;ZALE_EXP_CTRL;Status 0000000000000001 registered.
0000000117701193;STAT.json;GUI_DOWNLOAD;SUCCESS;C:\Users\sesa857782\Documents\idoc_experiments\0000000117701193_STAT.json;Frontend export completed.
0000000117701193;CTRL.json;GUI_DOWNLOAD;SUCCESS;C:\Users\sesa857782\Documents\idoc_experiments\0000000117701193_CTRL.json;Frontend export completed.
0000000117701193;CONTENT.xml;GUI_DOWNLOAD;SUCCESS;C:\Users\sesa857782\Documents\idoc_experiments\0000000117701193_CONTENT.xml;Frontend export completed.
0000000117701193;CTRL_TABLE;GUI_DOWNLOAD;SUCCESS;ZALE_EXP_CTRL;Status 0000000000000001 registered.
0000000117701195;STAT.json;GUI_DOWNLOAD;SUCCESS;C:\Users\sesa857782\Documents\idoc_experiments\0000000117701195_STAT.json;Frontend export completed.
0000000117701195;CTRL.json;GUI_DOWNLOAD;SUCCESS;C:\Users\sesa857782\Documents\idoc_experiments\0000000117701195_CTRL.json;Frontend export completed.
0000000117701195;CONTENT.xml;GUI_DOWNLOAD;SUCCESS;C:\Users\sesa857782\Documents\idoc_experiments\0000000117701195_CONTENT.xml;Frontend export completed.
0000000117701195;CTRL_TABLE;GUI_DOWNLOAD;SUCCESS;ZALE_EXP_CTRL;Status 0000000000000001 registered.
0000000117701197;STAT.json;GUI_DOWNLOAD;SUCCESS;C:\Users\sesa857782\Documents\idoc_experiments\0000000117701197_STAT.json;Frontend export completed.
0000000117701197;CTRL.json;GUI_DOWNLOAD;SUCCESS;C:\Users\sesa857782\Documents\idoc_experiments\0000000117701197_CTRL.json;Frontend export completed.
0000000117701197;CONTENT.xml;GUI_DOWNLOAD;SUCCESS;C:\Users\sesa857782\Documents\idoc_experiments\0000000117701197_CONTENT.xml;Frontend export completed.
0000000117701197;CTRL_TABLE;GUI_DOWNLOAD;SUCCESS;ZALE_EXP_CTRL;Status 0000000000000001 registered.
0000000117701199;STAT.json;GUI_DOWNLOAD;SUCCESS;C:\Users\sesa857782\Documents\idoc_experiments\0000000117701199_STAT.json;Frontend export completed.
0000000117701199;CTRL.json;GUI_DOWNLOAD;SUCCESS;C:\Users\sesa857782\Documents\idoc_experiments\0000000117701199_CTRL.json;Frontend export completed.
0000000117701199;CONTENT.xml;GUI_DOWNLOAD;SUCCESS;C:\Users\sesa857782\Documents\idoc_experiments\0000000117701199_CONTENT.xml;Frontend export completed.
0000000117701199;CTRL_TABLE;GUI_DOWNLOAD;SUCCESS;ZALE_EXP_CTRL;Status 0000000000000001 registered.
0000000117701201;STAT.json;GUI_DOWNLOAD;SUCCESS;C:\Users\sesa857782\Documents\idoc_experiments\0000000117701201_STAT.json;Frontend export completed.
0000000117701201;CTRL.json;GUI_DOWNLOAD;SUCCESS;C:\Users\sesa857782\Documents\idoc_experiments\0000000117701201_CTRL.json;Frontend export completed.
0000000117701201;CONTENT.xml;GUI_DOWNLOAD;SUCCESS;C:\Users\sesa857782\Documents\idoc_experiments\0000000117701201_CONTENT.xml;Frontend export completed.
0000000117701201;CTRL_TABLE;GUI_DOWNLOAD;SUCCESS;ZALE_EXP_CTRL;Status 0000000000000001 registered.
0000000117701203;STAT.json;GUI_DOWNLOAD;SUCCESS;C:\Users\sesa857782\Documents\idoc_experiments\0000000117701203_STAT.json;Frontend export completed.
0000000117701203;CTRL.json;GUI_DOWNLOAD;SUCCESS;C:\Users\sesa857782\Documents\idoc_experiments\0000000117701203_CTRL.json;Frontend export completed.
0000000117701203;CONTENT.xml;GUI_DOWNLOAD;SUCCESS;C:\Users\sesa857782\Documents\idoc_experiments\0000000117701203_CONTENT.xml;Frontend export completed.
0000000117701203;CTRL_TABLE;GUI_DOWNLOAD;SUCCESS;ZALE_EXP_CTRL;Status 0000000000000001 registered.
0000000117701205;STAT.json;GUI_DOWNLOAD;SUCCESS;C:\Users\sesa857782\Documents\idoc_experiments\0000000117701205_STAT.json;Frontend export completed.
0000000117701205;CTRL.json;GUI_DOWNLOAD;SUCCESS;C:\Users\sesa857782\Documents\idoc_experiments\0000000117701205_CTRL.json;Frontend export completed.
0000000117701205;CONTENT.xml;GUI_DOWNLOAD;SUCCESS;C:\Users\sesa857782\Documents\idoc_experiments\0000000117701205_CONTENT.xml;Frontend export completed.
0000000117701205;CTRL_TABLE;GUI_DOWNLOAD;SUCCESS;ZALE_EXP_CTRL;Status 0000000000000001 registered.
0000000117701207;STAT.json;GUI_DOWNLOAD;SUCCESS;C:\Users\sesa857782\Documents\idoc_experiments\0000000117701207_STAT.json;Frontend export completed.
0000000117701207;CTRL.json;GUI_DOWNLOAD;SUCCESS;C:\Users\sesa857782\Documents\idoc_experiments\0000000117701207_CTRL.json;Frontend export completed.
0000000117701207;CONTENT.xml;GUI_DOWNLOAD;SUCCESS;C:\Users\sesa857782\Documents\idoc_experiments\0000000117701207_CONTENT.xml;Frontend export completed.
0000000117701207;CTRL_TABLE;GUI_DOWNLOAD;SUCCESS;ZALE_EXP_CTRL;Status 0000000000000001 registered.
0000000117701209;STAT.json;GUI_DOWNLOAD;SUCCESS;C:\Users\sesa857782\Documents\idoc_experiments\0000000117701209_STAT.json;Frontend export completed.
0000000117701209;CTRL.json;GUI_DOWNLOAD;SUCCESS;C:\Users\sesa857782\Documents\idoc_experiments\0000000117701209_CTRL.json;Frontend export completed.
0000000117701209;CONTENT.xml;GUI_DOWNLOAD;SUCCESS;C:\Users\sesa857782\Documents\idoc_experiments\0000000117701209_CONTENT.xml;Frontend export completed.
0000000117701209;CTRL_TABLE;GUI_DOWNLOAD;SUCCESS;ZALE_EXP_CTRL;Status 0000000000000001 registered.
0000000117701211;STAT.json;GUI_DOWNLOAD;SUCCESS;C:\Users\sesa857782\Documents\idoc_experiments\0000000117701211_STAT.json;Frontend export completed.
0000000117701211;CTRL.json;GUI_DOWNLOAD;SUCCESS;C:\Users\sesa857782\Documents\idoc_experiments\0000000117701211_CTRL.json;Frontend export completed.
0000000117701211;CONTENT.xml;GUI_DOWNLOAD;SUCCESS;C:\Users\sesa857782\Documents\idoc_experiments\0000000117701211_CONTENT.xml;Frontend export completed.
0000000117701211;CTRL_TABLE;GUI_DOWNLOAD;SUCCESS;ZALE_EXP_CTRL;Status 0000000000000001 registered.
0000000117701213;STAT.json;GUI_DOWNLOAD;SUCCESS;C:\Users\sesa857782\Documents\idoc_experiments\0000000117701213_STAT.json;Frontend export completed.
0000000117701213;CTRL.json;GUI_DOWNLOAD;SUCCESS;C:\Users\sesa857782\Documents\idoc_experiments\0000000117701213_CTRL.json;Frontend export completed.
0000000117701213;CONTENT.xml;GUI_DOWNLOAD;SUCCESS;C:\Users\sesa857782\Documents\idoc_experiments\0000000117701213_CONTENT.xml;Frontend export completed.
0000000117701213;CTRL_TABLE;GUI_DOWNLOAD;SUCCESS;ZALE_EXP_CTRL;Status 0000000000000001 registered.
0000000117701215;STAT.json;GUI_DOWNLOAD;SUCCESS;C:\Users\sesa857782\Documents\idoc_experiments\0000000117701215_STAT.json;Frontend export completed.
0000000117701215;CTRL.json;GUI_DOWNLOAD;SUCCESS;C:\Users\sesa857782\Documents\idoc_experiments\0000000117701215_CTRL.json;Frontend export completed.
0000000117701215;CONTENT.xml;GUI_DOWNLOAD;SUCCESS;C:\Users\sesa857782\Documents\idoc_experiments\0000000117701215_CONTENT.xml;Frontend export completed.
0000000117701215;CTRL_TABLE;GUI_DOWNLOAD;SUCCESS;ZALE_EXP_CTRL;Status 0000000000000001 registered.
0000000117701217;STAT.json;GUI_DOWNLOAD;SUCCESS;C:\Users\sesa857782\Documents\idoc_experiments\0000000117701217_STAT.json;Frontend export completed.
0000000117701217;CTRL.json;GUI_DOWNLOAD;SUCCESS;C:\Users\sesa857782\Documents\idoc_experiments\0000000117701217_CTRL.json;Frontend export completed.
0000000117701217;CONTENT.xml;GUI_DOWNLOAD;SUCCESS;C:\Users\sesa857782\Documents\idoc_experiments\0000000117701217_CONTENT.xml;Frontend export completed.
0000000117701217;CTRL_TABLE;GUI_DOWNLOAD;SUCCESS;ZALE_EXP_CTRL;Status 0000000000000001 registered.
0000000117701219;STAT.json;GUI_DOWNLOAD;SUCCESS;C:\Users\sesa857782\Documents\idoc_experiments\0000000117701219_STAT.json;Frontend export completed.
0000000117701219;CTRL.json;GUI_DOWNLOAD;SUCCESS;C:\Users\sesa857782\Documents\idoc_experiments\0000000117701219_CTRL.json;Frontend export completed.
0000000117701219;CONTENT.xml;GUI_DOWNLOAD;SUCCESS;C:\Users\sesa857782\Documents\idoc_experiments\0000000117701219_CONTENT.xml;Frontend export completed.
0000000117701219;CTRL_TABLE;GUI_DOWNLOAD;SUCCESS;ZALE_EXP_CTRL;Status 0000000000000001 registered.
0000000117701221;STAT.json;GUI_DOWNLOAD;SUCCESS;C:\Users\sesa857782\Documents\idoc_experiments\0000000117701221_STAT.json;Frontend export completed.
0000000117701221;CTRL.json;GUI_DOWNLOAD;SUCCESS;C:\Users\sesa857782\Documents\idoc_experiments\0000000117701221_CTRL.json;Frontend export completed.
0000000117701221;CONTENT.xml;GUI_DOWNLOAD;SUCCESS;C:\Users\sesa857782\Documents\idoc_experiments\0000000117701221_CONTENT.xml;Frontend export completed.
0000000117701221;CTRL_TABLE;GUI_DOWNLOAD;SUCCESS;ZALE_EXP_CTRL;Status 0000000000000001 registered.
0000000117701223;STAT.json;GUI_DOWNLOAD;SUCCESS;C:\Users\sesa857782\Documents\idoc_experiments\0000000117701223_STAT.json;Frontend export completed.
0000000117701223;CTRL.json;GUI_DOWNLOAD;SUCCESS;C:\Users\sesa857782\Documents\idoc_experiments\0000000117701223_CTRL.json;Frontend export completed.
0000000117701223;CONTENT.xml;GUI_DOWNLOAD;SUCCESS;C:\Users\sesa857782\Documents\idoc_experiments\0000000117701223_CONTENT.xml;Frontend export completed.
0000000117701223;CTRL_TABLE;GUI_DOWNLOAD;SUCCESS;ZALE_EXP_CTRL;Status 0000000000000001 registered.
0000000117701227;STAT.json;GUI_DOWNLOAD;SUCCESS;C:\Users\sesa857782\Documents\idoc_experiments\0000000117701227_STAT.json;Frontend export completed.
0000000117701227;CTRL.json;GUI_DOWNLOAD;SUCCESS;C:\Users\sesa857782\Documents\idoc_experiments\0000000117701227_CTRL.json;Frontend export completed.
0000000117701227;CONTENT.xml;GUI_DOWNLOAD;SUCCESS;C:\Users\sesa857782\Documents\idoc_experiments\0000000117701227_CONTENT.xml;Frontend export completed.
0000000117701227;CTRL_TABLE;GUI_DOWNLOAD;SUCCESS;ZALE_EXP_CTRL;Status 0000000000000001 registered.
0000000117701229;STAT.json;GUI_DOWNLOAD;SUCCESS;C:\Users\sesa857782\Documents\idoc_experiments\0000000117701229_STAT.json;Frontend export completed.
0000000117701229;CTRL.json;GUI_DOWNLOAD;SUCCESS;C:\Users\sesa857782\Documents\idoc_experiments\0000000117701229_CTRL.json;Frontend export completed.
0000000117701229;CONTENT.xml;GUI_DOWNLOAD;SUCCESS;C:\Users\sesa857782\Documents\idoc_experiments\0000000117701229_CONTENT.xml;Frontend export completed.
0000000117701229;CTRL_TABLE;GUI_DOWNLOAD;SUCCESS;ZALE_EXP_CTRL;Status 0000000000000001 registered.
0000000117701231;STAT.json;GUI_DOWNLOAD;SUCCESS;C:\Users\sesa857782\Documents\idoc_experiments\0000000117701231_STAT.json;Frontend export completed.
0000000117701231;CTRL.json;GUI_DOWNLOAD;SUCCESS;C:\Users\sesa857782\Documents\idoc_experiments\0000000117701231_CTRL.json;Frontend export completed.
0000000117701231;CONTENT.xml;GUI_DOWNLOAD;SUCCESS;C:\Users\sesa857782\Documents\idoc_experiments\0000000117701231_CONTENT.xml;Frontend export completed.
0000000117701231;CTRL_TABLE;GUI_DOWNLOAD;SUCCESS;ZALE_EXP_CTRL;Status 0000000000000001 registered.
0000000117701233;STAT.json;GUI_DOWNLOAD;SUCCESS;C:\Users\sesa857782\Documents\idoc_experiments\0000000117701233_STAT.json;Frontend export completed.
0000000117701233;CTRL.json;GUI_DOWNLOAD;SUCCESS;C:\Users\sesa857782\Documents\idoc_experiments\0000000117701233_CTRL.json;Frontend export completed.
0000000117701233;CONTENT.xml;GUI_DOWNLOAD;SUCCESS;C:\Users\sesa857782\Documents\idoc_experiments\0000000117701233_CONTENT.xml;Frontend export completed.
0000000117701233;CTRL_TABLE;GUI_DOWNLOAD;SUCCESS;ZALE_EXP_CTRL;Status 0000000000000001 registered.
0000000117701238;STAT.json;GUI_DOWNLOAD;SUCCESS;C:\Users\sesa857782\Documents\idoc_experiments\0000000117701238_STAT.json;Frontend export completed.
0000000117701238;CTRL.json;GUI_DOWNLOAD;SUCCESS;C:\Users\sesa857782\Documents\idoc_experiments\0000000117701238_CTRL.json;Frontend export completed.
0000000117701238;CONTENT.xml;GUI_DOWNLOAD;SUCCESS;C:\Users\sesa857782\Documents\idoc_experiments\0000000117701238_CONTENT.xml;Frontend export completed.
0000000117701238;CTRL_TABLE;GUI_DOWNLOAD;SUCCESS;ZALE_EXP_CTRL;Status 0000000000000001 registered.
0000000117701240;STAT.json;GUI_DOWNLOAD;SUCCESS;C:\Users\sesa857782\Documents\idoc_experiments\0000000117701240_STAT.json;Frontend export completed.
0000000117701240;CTRL.json;GUI_DOWNLOAD;SUCCESS;C:\Users\sesa857782\Documents\idoc_experiments\0000000117701240_CTRL.json;Frontend export completed.
0000000117701240;CONTENT.xml;GUI_DOWNLOAD;SUCCESS;C:\Users\sesa857782\Documents\idoc_experiments\0000000117701240_CONTENT.xml;Frontend export completed.
0000000117701240;CTRL_TABLE;GUI_DOWNLOAD;SUCCESS;ZALE_EXP_CTRL;Status 0000000000000001 registered.
0000000117701241;STAT.json;GUI_DOWNLOAD;SUCCESS;C:\Users\sesa857782\Documents\idoc_experiments\0000000117701241_STAT.json;Frontend export completed.
0000000117701241;CTRL.json;GUI_DOWNLOAD;SUCCESS;C:\Users\sesa857782\Documents\idoc_experiments\0000000117701241_CTRL.json;Frontend export completed.
0000000117701241;CONTENT.xml;GUI_DOWNLOAD;SUCCESS;C:\Users\sesa857782\Documents\idoc_experiments\0000000117701241_CONTENT.xml;Frontend export completed.
0000000117701241;CTRL_TABLE;GUI_DOWNLOAD;SUCCESS;ZALE_EXP_CTRL;Status 0000000000000001 registered.
0000000117701243;STAT.json;GUI_DOWNLOAD;SUCCESS;C:\Users\sesa857782\Documents\idoc_experiments\0000000117701243_STAT.json;Frontend export completed.
0000000117701243;CTRL.json;GUI_DOWNLOAD;SUCCESS;C:\Users\sesa857782\Documents\idoc_experiments\0000000117701243_CTRL.json;Frontend export completed.
0000000117701243;CONTENT.xml;GUI_DOWNLOAD;SUCCESS;C:\Users\sesa857782\Documents\idoc_experiments\0000000117701243_CONTENT.xml;Frontend export completed.
0000000117701243;CTRL_TABLE;GUI_DOWNLOAD;SUCCESS;ZALE_EXP_CTRL;Status 0000000000000001 registered.
0000000117701245;STAT.json;GUI_DOWNLOAD;SUCCESS;C:\Users\sesa857782\Documents\idoc_experiments\0000000117701245_STAT.json;Frontend export completed.
0000000117701245;CTRL.json;GUI_DOWNLOAD;SUCCESS;C:\Users\sesa857782\Documents\idoc_experiments\0000000117701245_CTRL.json;Frontend export completed.
0000000117701245;CONTENT.xml;GUI_DOWNLOAD;SUCCESS;C:\Users\sesa857782\Documents\idoc_experiments\0000000117701245_CONTENT.xml;Frontend export completed.
0000000117701245;CTRL_TABLE;GUI_DOWNLOAD;SUCCESS;ZALE_EXP_CTRL;Status 0000000000000001 registered.
0000000117701247;STAT.json;GUI_DOWNLOAD;SUCCESS;C:\Users\sesa857782\Documents\idoc_experiments\0000000117701247_STAT.json;Frontend export completed.
0000000117701247;CTRL.json;GUI_DOWNLOAD;SUCCESS;C:\Users\sesa857782\Documents\idoc_experiments\0000000117701247_CTRL.json;Frontend export completed.
0000000117701247;CONTENT.xml;GUI_DOWNLOAD;SUCCESS;C:\Users\sesa857782\Documents\idoc_experiments\0000000117701247_CONTENT.xml;Frontend export completed.
0000000117701247;CTRL_TABLE;GUI_DOWNLOAD;SUCCESS;ZALE_EXP_CTRL;Status 0000000000000001 registered.
0000000117701249;STAT.json;GUI_DOWNLOAD;SUCCESS;C:\Users\sesa857782\Documents\idoc_experiments\0000000117701249_STAT.json;Frontend export completed.
0000000117701249;CTRL.json;GUI_DOWNLOAD;SUCCESS;C:\Users\sesa857782\Documents\idoc_experiments\0000000117701249_CTRL.json;Frontend export completed.
0000000117701249;CONTENT.xml;GUI_DOWNLOAD;SUCCESS;C:\Users\sesa857782\Documents\idoc_experiments\0000000117701249_CONTENT.xml;Frontend export completed.
0000000117701249;CTRL_TABLE;GUI_DOWNLOAD;SUCCESS;ZALE_EXP_CTRL;Status 0000000000000001 registered.
0000000117701251;STAT.json;GUI_DOWNLOAD;SUCCESS;C:\Users\sesa857782\Documents\idoc_experiments\0000000117701251_STAT.json;Frontend export completed.
0000000117701251;CTRL.json;GUI_DOWNLOAD;SUCCESS;C:\Users\sesa857782\Documents\idoc_experiments\0000000117701251_CTRL.json;Frontend export completed.
0000000117701251;CONTENT.xml;GUI_DOWNLOAD;SUCCESS;C:\Users\sesa857782\Documents\idoc_experiments\0000000117701251_CONTENT.xml;Frontend export completed.
0000000117701251;CTRL_TABLE;GUI_DOWNLOAD;SUCCESS;ZALE_EXP_CTRL;Status 0000000000000001 registered.
0000000117701253;STAT.json;GUI_DOWNLOAD;SUCCESS;C:\Users\sesa857782\Documents\idoc_experiments\0000000117701253_STAT.json;Frontend export completed.
0000000117701253;CTRL.json;GUI_DOWNLOAD;SUCCESS;C:\Users\sesa857782\Documents\idoc_experiments\0000000117701253_CTRL.json;Frontend export completed.
0000000117701253;CONTENT.xml;GUI_DOWNLOAD;SUCCESS;C:\Users\sesa857782\Documents\idoc_experiments\0000000117701253_CONTENT.xml;Frontend export completed.
0000000117701253;CTRL_TABLE;GUI_DOWNLOAD;SUCCESS;ZALE_EXP_CTRL;Status 0000000000000001 registered.
0000000117701255;STAT.json;GUI_DOWNLOAD;SUCCESS;C:\Users\sesa857782\Documents\idoc_experiments\0000000117701255_STAT.json;Frontend export completed.
0000000117701255;CTRL.json;GUI_DOWNLOAD;SUCCESS;C:\Users\sesa857782\Documents\idoc_experiments\0000000117701255_CTRL.json;Frontend export completed.
0000000117701255;CONTENT.xml;GUI_DOWNLOAD;SUCCESS;C:\Users\sesa857782\Documents\idoc_experiments\0000000117701255_CONTENT.xml;Frontend export completed.
0000000117701255;CTRL_TABLE;GUI_DOWNLOAD;SUCCESS;ZALE_EXP_CTRL;Status 0000000000000001 registered.
0000000117701257;STAT.json;GUI_DOWNLOAD;SUCCESS;C:\Users\sesa857782\Documents\idoc_experiments\0000000117701257_STAT.json;Frontend export completed.
0000000117701257;CTRL.json;GUI_DOWNLOAD;SUCCESS;C:\Users\sesa857782\Documents\idoc_experiments\0000000117701257_CTRL.json;Frontend export completed.
0000000117701257;CONTENT.xml;GUI_DOWNLOAD;SUCCESS;C:\Users\sesa857782\Documents\idoc_experiments\0000000117701257_CONTENT.xml;Frontend export completed.
0000000117701257;CTRL_TABLE;GUI_DOWNLOAD;SUCCESS;ZALE_EXP_CTRL;Status 0000000000000001 registered.
0000000117701259;STAT.json;GUI_DOWNLOAD;SUCCESS;C:\Users\sesa857782\Documents\idoc_experiments\0000000117701259_STAT.json;Frontend export completed.
0000000117701259;CTRL.json;GUI_DOWNLOAD;SUCCESS;C:\Users\sesa857782\Documents\idoc_experiments\0000000117701259_CTRL.json;Frontend export completed.
0000000117701259;CONTENT.xml;GUI_DOWNLOAD;SUCCESS;C:\Users\sesa857782\Documents\idoc_experiments\0000000117701259_CONTENT.xml;Frontend export completed.
0000000117701259;CTRL_TABLE;GUI_DOWNLOAD;SUCCESS;ZALE_EXP_CTRL;Status 0000000000000001 registered.
0000000117701263;STAT.json;GUI_DOWNLOAD;SUCCESS;C:\Users\sesa857782\Documents\idoc_experiments\0000000117701263_STAT.json;Frontend export completed.
0000000117701263;CTRL.json;GUI_DOWNLOAD;SUCCESS;C:\Users\sesa857782\Documents\idoc_experiments\0000000117701263_CTRL.json;Frontend export completed.
0000000117701263;CONTENT.xml;GUI_DOWNLOAD;SUCCESS;C:\Users\sesa857782\Documents\idoc_experiments\0000000117701263_CONTENT.xml;Frontend export completed.
0000000117701263;CTRL_TABLE;GUI_DOWNLOAD;SUCCESS;ZALE_EXP_CTRL;Status 0000000000000001 registered.
0000000117701266;STAT.json;GUI_DOWNLOAD;SUCCESS;C:\Users\sesa857782\Documents\idoc_experiments\0000000117701266_STAT.json;Frontend export completed.
0000000117701266;CTRL.json;GUI_DOWNLOAD;SUCCESS;C:\Users\sesa857782\Documents\idoc_experiments\0000000117701266_CTRL.json;Frontend export completed.
0000000117701266;CONTENT.xml;GUI_DOWNLOAD;SUCCESS;C:\Users\sesa857782\Documents\idoc_experiments\0000000117701266_CONTENT.xml;Frontend export completed.
0000000117701266;CTRL_TABLE;GUI_DOWNLOAD;SUCCESS;ZALE_EXP_CTRL;Status 0000000000000001 registered.
0000000117701275;STAT.json;GUI_DOWNLOAD;SUCCESS;C:\Users\sesa857782\Documents\idoc_experiments\0000000117701275_STAT.json;Frontend export completed.
0000000117701275;CTRL.json;GUI_DOWNLOAD;SUCCESS;C:\Users\sesa857782\Documents\idoc_experiments\0000000117701275_CTRL.json;Frontend export completed.
0000000117701275;CONTENT.xml;GUI_DOWNLOAD;SUCCESS;C:\Users\sesa857782\Documents\idoc_experiments\0000000117701275_CONTENT.xml;Frontend export completed.
0000000117701275;CTRL_TABLE;GUI_DOWNLOAD;SUCCESS;ZALE_EXP_CTRL;Status 0000000000000001 registered.
0000000117701277;STAT.json;GUI_DOWNLOAD;SUCCESS;C:\Users\sesa857782\Documents\idoc_experiments\0000000117701277_STAT.json;Frontend export completed.
0000000117701277;CTRL.json;GUI_DOWNLOAD;SUCCESS;C:\Users\sesa857782\Documents\idoc_experiments\0000000117701277_CTRL.json;Frontend export completed.
0000000117701277;CONTENT.xml;GUI_DOWNLOAD;SUCCESS;C:\Users\sesa857782\Documents\idoc_experiments\0000000117701277_CONTENT.xml;Frontend export completed.
0000000117701277;CTRL_TABLE;GUI_DOWNLOAD;SUCCESS;ZALE_EXP_CTRL;Status 0000000000000001 registered.
0000000117701279;STAT.json;GUI_DOWNLOAD;SUCCESS;C:\Users\sesa857782\Documents\idoc_experiments\0000000117701279_STAT.json;Frontend export completed.
0000000117701279;CTRL.json;GUI_DOWNLOAD;SUCCESS;C:\Users\sesa857782\Documents\idoc_experiments\0000000117701279_CTRL.json;Frontend export completed.
0000000117701279;CONTENT.xml;GUI_DOWNLOAD;SUCCESS;C:\Users\sesa857782\Documents\idoc_experiments\0000000117701279_CONTENT.xml;Frontend export completed.
0000000117701279;CTRL_TABLE;GUI_DOWNLOAD;SUCCESS;ZALE_EXP_CTRL;Status 0000000000000001 registered.
0000000117701281;STAT.json;GUI_DOWNLOAD;SUCCESS;C:\Users\sesa857782\Documents\idoc_experiments\0000000117701281_STAT.json;Frontend export completed.
0000000117701281;CTRL.json;GUI_DOWNLOAD;SUCCESS;C:\Users\sesa857782\Documents\idoc_experiments\0000000117701281_CTRL.json;Frontend export completed.
0000000117701281;CONTENT.xml;GUI_DOWNLOAD;SUCCESS;C:\Users\sesa857782\Documents\idoc_experiments\0000000117701281_CONTENT.xml;Frontend export completed.
0000000117701281;CTRL_TABLE;GUI_DOWNLOAD;SUCCESS;ZALE_EXP_CTRL;Status 0000000000000001 registered.
0000000117701284;STAT.json;GUI_DOWNLOAD;SUCCESS;C:\Users\sesa857782\Documents\idoc_experiments\0000000117701284_STAT.json;Frontend export completed.
0000000117701284;CTRL.json;GUI_DOWNLOAD;SUCCESS;C:\Users\sesa857782\Documents\idoc_experiments\0000000117701284_CTRL.json;Frontend export completed.
0000000117701284;CONTENT.xml;GUI_DOWNLOAD;SUCCESS;C:\Users\sesa857782\Documents\idoc_experiments\0000000117701284_CONTENT.xml;Frontend export completed.
0000000117701284;CTRL_TABLE;GUI_DOWNLOAD;SUCCESS;ZALE_EXP_CTRL;Status 0000000000000001 registered.
0000000117701286;STAT.json;GUI_DOWNLOAD;SUCCESS;C:\Users\sesa857782\Documents\idoc_experiments\0000000117701286_STAT.json;Frontend export completed.
0000000117701286;CTRL.json;GUI_DOWNLOAD;SUCCESS;C:\Users\sesa857782\Documents\idoc_experiments\0000000117701286_CTRL.json;Frontend export completed.
0000000117701286;CONTENT.xml;GUI_DOWNLOAD;SUCCESS;C:\Users\sesa857782\Documents\idoc_experiments\0000000117701286_CONTENT.xml;Frontend export completed.
0000000117701286;CTRL_TABLE;GUI_DOWNLOAD;SUCCESS;ZALE_EXP_CTRL;Status 0000000000000001 registered.
0000000117701288;STAT.json;GUI_DOWNLOAD;SUCCESS;C:\Users\sesa857782\Documents\idoc_experiments\0000000117701288_STAT.json;Frontend export completed.
0000000117701288;CTRL.json;GUI_DOWNLOAD;SUCCESS;C:\Users\sesa857782\Documents\idoc_experiments\0000000117701288_CTRL.json;Frontend export completed.
0000000117701288;CONTENT.xml;GUI_DOWNLOAD;SUCCESS;C:\Users\sesa857782\Documents\idoc_experiments\0000000117701288_CONTENT.xml;Frontend export completed.
0000000117701288;CTRL_TABLE;GUI_DOWNLOAD;SUCCESS;ZALE_EXP_CTRL;Status 0000000000000001 registered.
0000000117701301;STAT.json;GUI_DOWNLOAD;SUCCESS;C:\Users\sesa857782\Documents\idoc_experiments\0000000117701301_STAT.json;Frontend export completed.
0000000117701301;CTRL.json;GUI_DOWNLOAD;SUCCESS;C:\Users\sesa857782\Documents\idoc_experiments\0000000117701301_CTRL.json;Frontend export completed.
0000000117701301;CONTENT.xml;GUI_DOWNLOAD;SUCCESS;C:\Users\sesa857782\Documents\idoc_experiments\0000000117701301_CONTENT.xml;Frontend export completed.
0000000117701301;CTRL_TABLE;GUI_DOWNLOAD;SUCCESS;ZALE_EXP_CTRL;Status 0000000000000001 registered.
0000000117701303;STAT.json;GUI_DOWNLOAD;SUCCESS;C:\Users\sesa857782\Documents\idoc_experiments\0000000117701303_STAT.json;Frontend export completed.
0000000117701303;CTRL.json;GUI_DOWNLOAD;SUCCESS;C:\Users\sesa857782\Documents\idoc_experiments\0000000117701303_CTRL.json;Frontend export completed.
0000000117701303;CONTENT.xml;GUI_DOWNLOAD;SUCCESS;C:\Users\sesa857782\Documents\idoc_experiments\0000000117701303_CONTENT.xml;Frontend export completed.
0000000117701303;CTRL_TABLE;GUI_DOWNLOAD;SUCCESS;ZALE_EXP_CTRL;Status 0000000000000001 registered.
0000000117701305;STAT.json;GUI_DOWNLOAD;SUCCESS;C:\Users\sesa857782\Documents\idoc_experiments\0000000117701305_STAT.json;Frontend export completed.
0000000117701305;CTRL.json;GUI_DOWNLOAD;SUCCESS;C:\Users\sesa857782\Documents\idoc_experiments\0000000117701305_CTRL.json;Frontend export completed.
0000000117701305;CONTENT.xml;GUI_DOWNLOAD;SUCCESS;C:\Users\sesa857782\Documents\idoc_experiments\0000000117701305_CONTENT.xml;Frontend export completed.
0000000117701305;CTRL_TABLE;GUI_DOWNLOAD;SUCCESS;ZALE_EXP_CTRL;Status 0000000000000001 registered.
0000000117701307;STAT.json;GUI_DOWNLOAD;SUCCESS;C:\Users\sesa857782\Documents\idoc_experiments\0000000117701307_STAT.json;Frontend export completed.
0000000117701307;CTRL.json;GUI_DOWNLOAD;SUCCESS;C:\Users\sesa857782\Documents\idoc_experiments\0000000117701307_CTRL.json;Frontend export completed.
0000000117701307;CONTENT.xml;GUI_DOWNLOAD;SUCCESS;C:\Users\sesa857782\Documents\idoc_experiments\0000000117701307_CONTENT.xml;Frontend export completed.
0000000117701307;CTRL_TABLE;GUI_DOWNLOAD;SUCCESS;ZALE_EXP_CTRL;Status 0000000000000001 registered.
0000000117701309;STAT.json;GUI_DOWNLOAD;SUCCESS;C:\Users\sesa857782\Documents\idoc_experiments\0000000117701309_STAT.json;Frontend export completed.
0000000117701309;CTRL.json;GUI_DOWNLOAD;SUCCESS;C:\Users\sesa857782\Documents\idoc_experiments\0000000117701309_CTRL.json;Frontend export completed.
0000000117701309;CONTENT.xml;GUI_DOWNLOAD;SUCCESS;C:\Users\sesa857782\Documents\idoc_experiments\0000000117701309_CONTENT.xml;Frontend export completed.
0000000117701309;CTRL_TABLE;GUI_DOWNLOAD;SUCCESS;ZALE_EXP_CTRL;Status 0000000000000001 registered.
0000000117701311;STAT.json;GUI_DOWNLOAD;SUCCESS;C:\Users\sesa857782\Documents\idoc_experiments\0000000117701311_STAT.json;Frontend export completed.
0000000117701311;CTRL.json;GUI_DOWNLOAD;SUCCESS;C:\Users\sesa857782\Documents\idoc_experiments\0000000117701311_CTRL.json;Frontend export completed.
0000000117701311;CONTENT.xml;GUI_DOWNLOAD;SUCCESS;C:\Users\sesa857782\Documents\idoc_experiments\0000000117701311_CONTENT.xml;Frontend export completed.
0000000117701311;CTRL_TABLE;GUI_DOWNLOAD;SUCCESS;ZALE_EXP_CTRL;Status 0000000000000001 registered.
0000000117701313;STAT.json;GUI_DOWNLOAD;SUCCESS;C:\Users\sesa857782\Documents\idoc_experiments\0000000117701313_STAT.json;Frontend export completed.
0000000117701313;CTRL.json;GUI_DOWNLOAD;SUCCESS;C:\Users\sesa857782\Documents\idoc_experiments\0000000117701313_CTRL.json;Frontend export completed.
0000000117701313;CONTENT.xml;GUI_DOWNLOAD;SUCCESS;C:\Users\sesa857782\Documents\idoc_experiments\0000000117701313_CONTENT.xml;Frontend export completed.
0000000117701313;CTRL_TABLE;GUI_DOWNLOAD;SUCCESS;ZALE_EXP_CTRL;Status 0000000000000001 registered.
0000000117701315;STAT.json;GUI_DOWNLOAD;SUCCESS;C:\Users\sesa857782\Documents\idoc_experiments\0000000117701315_STAT.json;Frontend export completed.
0000000117701315;CTRL.json;GUI_DOWNLOAD;SUCCESS;C:\Users\sesa857782\Documents\idoc_experiments\0000000117701315_CTRL.json;Frontend export completed.
0000000117701315;CONTENT.xml;GUI_DOWNLOAD;SUCCESS;C:\Users\sesa857782\Documents\idoc_experiments\0000000117701315_CONTENT.xml;Frontend export completed.
0000000117701315;CTRL_TABLE;GUI_DOWNLOAD;SUCCESS;ZALE_EXP_CTRL;Status 0000000000000001 registered.
0000000117701319;STAT.json;GUI_DOWNLOAD;SUCCESS;C:\Users\sesa857782\Documents\idoc_experiments\0000000117701319_STAT.json;Frontend export completed.
0000000117701319;CTRL.json;GUI_DOWNLOAD;SUCCESS;C:\Users\sesa857782\Documents\idoc_experiments\0000000117701319_CTRL.json;Frontend export completed.
0000000117701319;CONTENT.xml;GUI_DOWNLOAD;SUCCESS;C:\Users\sesa857782\Documents\idoc_experiments\0000000117701319_CONTENT.xml;Frontend export completed.
0000000117701319;CTRL_TABLE;GUI_DOWNLOAD;SUCCESS;ZALE_EXP_CTRL;Status 0000000000000001 registered.
0000000117701324;STAT.json;GUI_DOWNLOAD;SUCCESS;C:\Users\sesa857782\Documents\idoc_experiments\0000000117701324_STAT.json;Frontend export completed.
0000000117701324;CTRL.json;GUI_DOWNLOAD;SUCCESS;C:\Users\sesa857782\Documents\idoc_experiments\0000000117701324_CTRL.json;Frontend export completed.
0000000117701324;CONTENT.xml;GUI_DOWNLOAD;SUCCESS;C:\Users\sesa857782\Documents\idoc_experiments\0000000117701324_CONTENT.xml;Frontend export completed.
0000000117701324;CTRL_TABLE;GUI_DOWNLOAD;SUCCESS;ZALE_EXP_CTRL;Status 0000000000000001 registered.
0000000117701326;STAT.json;GUI_DOWNLOAD;SUCCESS;C:\Users\sesa857782\Documents\idoc_experiments\0000000117701326_STAT.json;Frontend export completed.
0000000117701326;CTRL.json;GUI_DOWNLOAD;SUCCESS;C:\Users\sesa857782\Documents\idoc_experiments\0000000117701326_CTRL.json;Frontend export completed.
0000000117701326;CONTENT.xml;GUI_DOWNLOAD;SUCCESS;C:\Users\sesa857782\Documents\idoc_experiments\0000000117701326_CONTENT.xml;Frontend export completed.
0000000117701326;CTRL_TABLE;GUI_DOWNLOAD;SUCCESS;ZALE_EXP_CTRL;Status 0000000000000001 registered.
0000000117701332;STAT.json;GUI_DOWNLOAD;SUCCESS;C:\Users\sesa857782\Documents\idoc_experiments\0000000117701332_STAT.json;Frontend export completed.
0000000117701332;CTRL.json;GUI_DOWNLOAD;SUCCESS;C:\Users\sesa857782\Documents\idoc_experiments\0000000117701332_CTRL.json;Frontend export completed.
0000000117701332;CONTENT.xml;GUI_DOWNLOAD;SUCCESS;C:\Users\sesa857782\Documents\idoc_experiments\0000000117701332_CONTENT.xml;Frontend export completed.
0000000117701332;CTRL_TABLE;GUI_DOWNLOAD;SUCCESS;ZALE_EXP_CTRL;Status 0000000000000001 registered.
0000000117701336;STAT.json;GUI_DOWNLOAD;SUCCESS;C:\Users\sesa857782\Documents\idoc_experiments\0000000117701336_STAT.json;Frontend export completed.
0000000117701336;CTRL.json;GUI_DOWNLOAD;SUCCESS;C:\Users\sesa857782\Documents\idoc_experiments\0000000117701336_CTRL.json;Frontend export completed.
0000000117701336;CONTENT.xml;GUI_DOWNLOAD;SUCCESS;C:\Users\sesa857782\Documents\idoc_experiments\0000000117701336_CONTENT.xml;Frontend export completed.
0000000117701336;CTRL_TABLE;GUI_DOWNLOAD;SUCCESS;ZALE_EXP_CTRL;Status 0000000000000001 registered.
0000000117701340;STAT.json;GUI_DOWNLOAD;SUCCESS;C:\Users\sesa857782\Documents\idoc_experiments\0000000117701340_STAT.json;Frontend export completed.
0000000117701340;CTRL.json;GUI_DOWNLOAD;SUCCESS;C:\Users\sesa857782\Documents\idoc_experiments\0000000117701340_CTRL.json;Frontend export completed.
0000000117701340;CONTENT.xml;GUI_DOWNLOAD;SUCCESS;C:\Users\sesa857782\Documents\idoc_experiments\0000000117701340_CONTENT.xml;Frontend export completed.
0000000117701340;CTRL_TABLE;GUI_DOWNLOAD;SUCCESS;ZALE_EXP_CTRL;Status 0000000000000001 registered.
0000000117701344;STAT.json;GUI_DOWNLOAD;SUCCESS;C:\Users\sesa857782\Documents\idoc_experiments\0000000117701344_STAT.json;Frontend export completed.
0000000117701344;CTRL.json;GUI_DOWNLOAD;SUCCESS;C:\Users\sesa857782\Documents\idoc_experiments\0000000117701344_CTRL.json;Frontend export completed.
0000000117701344;CONTENT.xml;GUI_DOWNLOAD;SUCCESS;C:\Users\sesa857782\Documents\idoc_experiments\0000000117701344_CONTENT.xml;Frontend export completed.
0000000117701344;CTRL_TABLE;GUI_DOWNLOAD;SUCCESS;ZALE_EXP_CTRL;Status 0000000000000001 registered.
0000000117701346;STAT.json;GUI_DOWNLOAD;SUCCESS;C:\Users\sesa857782\Documents\idoc_experiments\0000000117701346_STAT.json;Frontend export completed.
0000000117701346;CTRL.json;GUI_DOWNLOAD;SUCCESS;C:\Users\sesa857782\Documents\idoc_experiments\0000000117701346_CTRL.json;Frontend export completed.
0000000117701346;CONTENT.xml;GUI_DOWNLOAD;SUCCESS;C:\Users\sesa857782\Documents\idoc_experiments\0000000117701346_CONTENT.xml;Frontend export completed.
0000000117701346;CTRL_TABLE;GUI_DOWNLOAD;SUCCESS;ZALE_EXP_CTRL;Status 0000000000000001 registered.
0000000117701348;STAT.json;GUI_DOWNLOAD;SUCCESS;C:\Users\sesa857782\Documents\idoc_experiments\0000000117701348_STAT.json;Frontend export completed.
0000000117701348;CTRL.json;GUI_DOWNLOAD;SUCCESS;C:\Users\sesa857782\Documents\idoc_experiments\0000000117701348_CTRL.json;Frontend export completed.
0000000117701348;CONTENT.xml;GUI_DOWNLOAD;SUCCESS;C:\Users\sesa857782\Documents\idoc_experiments\0000000117701348_CONTENT.xml;Frontend export completed.
0000000117701348;CTRL_TABLE;GUI_DOWNLOAD;SUCCESS;ZALE_EXP_CTRL;Status 0000000000000001 registered.
0000000117701350;STAT.json;GUI_DOWNLOAD;SUCCESS;C:\Users\sesa857782\Documents\idoc_experiments\0000000117701350_STAT.json;Frontend export completed.
0000000117701350;CTRL.json;GUI_DOWNLOAD;SUCCESS;C:\Users\sesa857782\Documents\idoc_experiments\0000000117701350_CTRL.json;Frontend export completed.
0000000117701350;CONTENT.xml;GUI_DOWNLOAD;SUCCESS;C:\Users\sesa857782\Documents\idoc_experiments\0000000117701350_CONTENT.xml;Frontend export completed.
0000000117701350;CTRL_TABLE;GUI_DOWNLOAD;SUCCESS;ZALE_EXP_CTRL;Status 0000000000000001 registered.
0000000117701352;STAT.json;GUI_DOWNLOAD;SUCCESS;C:\Users\sesa857782\Documents\idoc_experiments\0000000117701352_STAT.json;Frontend export completed.
0000000117701352;CTRL.json;GUI_DOWNLOAD;SUCCESS;C:\Users\sesa857782\Documents\idoc_experiments\0000000117701352_CTRL.json;Frontend export completed.
0000000117701352;CONTENT.xml;GUI_DOWNLOAD;SUCCESS;C:\Users\sesa857782\Documents\idoc_experiments\0000000117701352_CONTENT.xml;Frontend export completed.
0000000117701352;CTRL_TABLE;GUI_DOWNLOAD;SUCCESS;ZALE_EXP_CTRL;Status 0000000000000001 registered.
0000000117701356;STAT.json;GUI_DOWNLOAD;SUCCESS;C:\Users\sesa857782\Documents\idoc_experiments\0000000117701356_STAT.json;Frontend export completed.
0000000117701356;CTRL.json;GUI_DOWNLOAD;SUCCESS;C:\Users\sesa857782\Documents\idoc_experiments\0000000117701356_CTRL.json;Frontend export completed.
0000000117701356;CONTENT.xml;GUI_DOWNLOAD;SUCCESS;C:\Users\sesa857782\Documents\idoc_experiments\0000000117701356_CONTENT.xml;Frontend export completed.
0000000117701356;CTRL_TABLE;GUI_DOWNLOAD;SUCCESS;ZALE_EXP_CTRL;Status 0000000000000001 registered.
0000000117701358;STAT.json;GUI_DOWNLOAD;SUCCESS;C:\Users\sesa857782\Documents\idoc_experiments\0000000117701358_STAT.json;Frontend export completed.
0000000117701358;CTRL.json;GUI_DOWNLOAD;SUCCESS;C:\Users\sesa857782\Documents\idoc_experiments\0000000117701358_CTRL.json;Frontend export completed.
0000000117701358;CONTENT.xml;GUI_DOWNLOAD;SUCCESS;C:\Users\sesa857782\Documents\idoc_experiments\0000000117701358_CONTENT.xml;Frontend export completed.
0000000117701358;CTRL_TABLE;GUI_DOWNLOAD;SUCCESS;ZALE_EXP_CTRL;Status 0000000000000001 registered.
0000000117701360;STAT.json;GUI_DOWNLOAD;SUCCESS;C:\Users\sesa857782\Documents\idoc_experiments\0000000117701360_STAT.json;Frontend export completed.
0000000117701360;CTRL.json;GUI_DOWNLOAD;SUCCESS;C:\Users\sesa857782\Documents\idoc_experiments\0000000117701360_CTRL.json;Frontend export completed.
0000000117701360;CONTENT.xml;GUI_DOWNLOAD;SUCCESS;C:\Users\sesa857782\Documents\idoc_experiments\0000000117701360_CONTENT.xml;Frontend export completed.
0000000117701360;CTRL_TABLE;GUI_DOWNLOAD;SUCCESS;ZALE_EXP_CTRL;Status 0000000000000001 registered.
0000000117701362;STAT.json;GUI_DOWNLOAD;SUCCESS;C:\Users\sesa857782\Documents\idoc_experiments\0000000117701362_STAT.json;Frontend export completed.
0000000117701362;CTRL.json;GUI_DOWNLOAD;SUCCESS;C:\Users\sesa857782\Documents\idoc_experiments\0000000117701362_CTRL.json;Frontend export completed.
0000000117701362;CONTENT.xml;GUI_DOWNLOAD;SUCCESS;C:\Users\sesa857782\Documents\idoc_experiments\0000000117701362_CONTENT.xml;Frontend export completed.
0000000117701362;CTRL_TABLE;GUI_DOWNLOAD;SUCCESS;ZALE_EXP_CTRL;Status 0000000000000001 registered.
0000000117701364;STAT.json;GUI_DOWNLOAD;SUCCESS;C:\Users\sesa857782\Documents\idoc_experiments\0000000117701364_STAT.json;Frontend export completed.
0000000117701364;CTRL.json;GUI_DOWNLOAD;SUCCESS;C:\Users\sesa857782\Documents\idoc_experiments\0000000117701364_CTRL.json;Frontend export completed.
0000000117701364;CONTENT.xml;GUI_DOWNLOAD;SUCCESS;C:\Users\sesa857782\Documents\idoc_experiments\0000000117701364_CONTENT.xml;Frontend export completed.
0000000117701364;CTRL_TABLE;GUI_DOWNLOAD;SUCCESS;ZALE_EXP_CTRL;Status 0000000000000001 registered.
0000000117701366;STAT.json;GUI_DOWNLOAD;SUCCESS;C:\Users\sesa857782\Documents\idoc_experiments\0000000117701366_STAT.json;Frontend export completed.
0000000117701366;CTRL.json;GUI_DOWNLOAD;SUCCESS;C:\Users\sesa857782\Documents\idoc_experiments\0000000117701366_CTRL.json;Frontend export completed.
0000000117701366;CONTENT.xml;GUI_DOWNLOAD;SUCCESS;C:\Users\sesa857782\Documents\idoc_experiments\0000000117701366_CONTENT.xml;Frontend export completed.
0000000117701366;CTRL_TABLE;GUI_DOWNLOAD;SUCCESS;ZALE_EXP_CTRL;Status 0000000000000001 registered.
0000000117701369;STAT.json;GUI_DOWNLOAD;SUCCESS;C:\Users\sesa857782\Documents\idoc_experiments\0000000117701369_STAT.json;Frontend export completed.
0000000117701369;CTRL.json;GUI_DOWNLOAD;SUCCESS;C:\Users\sesa857782\Documents\idoc_experiments\0000000117701369_CTRL.json;Frontend export completed.
0000000117701369;CONTENT.xml;GUI_DOWNLOAD;SUCCESS;C:\Users\sesa857782\Documents\idoc_experiments\0000000117701369_CONTENT.xml;Frontend export completed.
0000000117701369;CTRL_TABLE;GUI_DOWNLOAD;SUCCESS;ZALE_EXP_CTRL;Status 0000000000000001 registered.
0000000117701372;STAT.json;GUI_DOWNLOAD;SUCCESS;C:\Users\sesa857782\Documents\idoc_experiments\0000000117701372_STAT.json;Frontend export completed.
0000000117701372;CTRL.json;GUI_DOWNLOAD;SUCCESS;C:\Users\sesa857782\Documents\idoc_experiments\0000000117701372_CTRL.json;Frontend export completed.
0000000117701372;CONTENT.xml;GUI_DOWNLOAD;SUCCESS;C:\Users\sesa857782\Documents\idoc_experiments\0000000117701372_CONTENT.xml;Frontend export completed.
0000000117701372;CTRL_TABLE;GUI_DOWNLOAD;SUCCESS;ZALE_EXP_CTRL;Status 0000000000000001 registered.
0000000117701375;STAT.json;GUI_DOWNLOAD;SUCCESS;C:\Users\sesa857782\Documents\idoc_experiments\0000000117701375_STAT.json;Frontend export completed.
0000000117701375;CTRL.json;GUI_DOWNLOAD;SUCCESS;C:\Users\sesa857782\Documents\idoc_experiments\0000000117701375_CTRL.json;Frontend export completed.
0000000117701375;CONTENT.xml;GUI_DOWNLOAD;SUCCESS;C:\Users\sesa857782\Documents\idoc_experiments\0000000117701375_CONTENT.xml;Frontend export completed.
0000000117701375;CTRL_TABLE;GUI_DOWNLOAD;SUCCESS;ZALE_EXP_CTRL;Status 0000000000000001 registered.
0000000117701378;STAT.json;GUI_DOWNLOAD;SUCCESS;C:\Users\sesa857782\Documents\idoc_experiments\0000000117701378_STAT.json;Frontend export completed.
0000000117701378;CTRL.json;GUI_DOWNLOAD;SUCCESS;C:\Users\sesa857782\Documents\idoc_experiments\0000000117701378_CTRL.json;Frontend export completed.
0000000117701378;CONTENT.xml;GUI_DOWNLOAD;SUCCESS;C:\Users\sesa857782\Documents\idoc_experiments\0000000117701378_CONTENT.xml;Frontend export completed.
0000000117701378;CTRL_TABLE;GUI_DOWNLOAD;SUCCESS;ZALE_EXP_CTRL;Status 0000000000000001 registered.
0000000117701380;STAT.json;GUI_DOWNLOAD;SUCCESS;C:\Users\sesa857782\Documents\idoc_experiments\0000000117701380_STAT.json;Frontend export completed.
0000000117701380;CTRL.json;GUI_DOWNLOAD;SUCCESS;C:\Users\sesa857782\Documents\idoc_experiments\0000000117701380_CTRL.json;Frontend export completed.
0000000117701380;CONTENT.xml;GUI_DOWNLOAD;SUCCESS;C:\Users\sesa857782\Documents\idoc_experiments\0000000117701380_CONTENT.xml;Frontend export completed.
0000000117701380;CTRL_TABLE;GUI_DOWNLOAD;SUCCESS;ZALE_EXP_CTRL;Status 0000000000000001 registered.
0000000117701382;STAT.json;GUI_DOWNLOAD;SUCCESS;C:\Users\sesa857782\Documents\idoc_experiments\0000000117701382_STAT.json;Frontend export completed.
0000000117701382;CTRL.json;GUI_DOWNLOAD;SUCCESS;C:\Users\sesa857782\Documents\idoc_experiments\0000000117701382_CTRL.json;Frontend export completed.
0000000117701382;CONTENT.xml;GUI_DOWNLOAD;SUCCESS;C:\Users\sesa857782\Documents\idoc_experiments\0000000117701382_CONTENT.xml;Frontend export completed.
0000000117701382;CTRL_TABLE;GUI_DOWNLOAD;SUCCESS;ZALE_EXP_CTRL;Status 0000000000000001 registered.
0000000117701384;STAT.json;GUI_DOWNLOAD;SUCCESS;C:\Users\sesa857782\Documents\idoc_experiments\0000000117701384_STAT.json;Frontend export completed.
0000000117701384;CTRL.json;GUI_DOWNLOAD;SUCCESS;C:\Users\sesa857782\Documents\idoc_experiments\0000000117701384_CTRL.json;Frontend export completed.
0000000117701384;CONTENT.xml;GUI_DOWNLOAD;SUCCESS;C:\Users\sesa857782\Documents\idoc_experiments\0000000117701384_CONTENT.xml;Frontend export completed.
0000000117701384;CTRL_TABLE;GUI_DOWNLOAD;SUCCESS;ZALE_EXP_CTRL;Status 0000000000000001 registered.
0000000117701386;STAT.json;GUI_DOWNLOAD;SUCCESS;C:\Users\sesa857782\Documents\idoc_experiments\0000000117701386_STAT.json;Frontend export completed.
0000000117701386;CTRL.json;GUI_DOWNLOAD;SUCCESS;C:\Users\sesa857782\Documents\idoc_experiments\0000000117701386_CTRL.json;Frontend export completed.
0000000117701386;CONTENT.xml;GUI_DOWNLOAD;SUCCESS;C:\Users\sesa857782\Documents\idoc_experiments\0000000117701386_CONTENT.xml;Frontend export completed.
0000000117701386;CTRL_TABLE;GUI_DOWNLOAD;SUCCESS;ZALE_EXP_CTRL;Status 0000000000000001 registered.
0000000117701389;STAT.json;GUI_DOWNLOAD;SUCCESS;C:\Users\sesa857782\Documents\idoc_experiments\0000000117701389_STAT.json;Frontend export completed.
0000000117701389;CTRL.json;GUI_DOWNLOAD;SUCCESS;C:\Users\sesa857782\Documents\idoc_experiments\0000000117701389_CTRL.json;Frontend export completed.
0000000117701389;CONTENT.xml;GUI_DOWNLOAD;SUCCESS;C:\Users\sesa857782\Documents\idoc_experiments\0000000117701389_CONTENT.xml;Frontend export completed.
0000000117701389;CTRL_TABLE;GUI_DOWNLOAD;SUCCESS;ZALE_EXP_CTRL;Status 0000000000000001 registered.
0000000117701393;STAT.json;GUI_DOWNLOAD;SUCCESS;C:\Users\sesa857782\Documents\idoc_experiments\0000000117701393_STAT.json;Frontend export completed.
0000000117701393;CTRL.json;GUI_DOWNLOAD;SUCCESS;C:\Users\sesa857782\Documents\idoc_experiments\0000000117701393_CTRL.json;Frontend export completed.
0000000117701393;CONTENT.xml;GUI_DOWNLOAD;SUCCESS;C:\Users\sesa857782\Documents\idoc_experiments\0000000117701393_CONTENT.xml;Frontend export completed.
0000000117701393;CTRL_TABLE;GUI_DOWNLOAD;SUCCESS;ZALE_EXP_CTRL;Status 0000000000000001 registered.
0000000117701395;STAT.json;GUI_DOWNLOAD;SUCCESS;C:\Users\sesa857782\Documents\idoc_experiments\0000000117701395_STAT.json;Frontend export completed.
0000000117701395;CTRL.json;GUI_DOWNLOAD;SUCCESS;C:\Users\sesa857782\Documents\idoc_experiments\0000000117701395_CTRL.json;Frontend export completed.
0000000117701395;CONTENT.xml;GUI_DOWNLOAD;SUCCESS;C:\Users\sesa857782\Documents\idoc_experiments\0000000117701395_CONTENT.xml;Frontend export completed.
0000000117701395;CTRL_TABLE;GUI_DOWNLOAD;SUCCESS;ZALE_EXP_CTRL;Status 0000000000000001 registered.
0000000117701399;STAT.json;GUI_DOWNLOAD;SUCCESS;C:\Users\sesa857782\Documents\idoc_experiments\0000000117701399_STAT.json;Frontend export completed.
0000000117701399;CTRL.json;GUI_DOWNLOAD;SUCCESS;C:\Users\sesa857782\Documents\idoc_experiments\0000000117701399_CTRL.json;Frontend export completed.
0000000117701399;CONTENT.xml;GUI_DOWNLOAD;SUCCESS;C:\Users\sesa857782\Documents\idoc_experiments\0000000117701399_CONTENT.xml;Frontend export completed.
0000000117701399;CTRL_TABLE;GUI_DOWNLOAD;SUCCESS;ZALE_EXP_CTRL;Status 0000000000000001 registered.
0000000117701403;STAT.json;GUI_DOWNLOAD;SUCCESS;C:\Users\sesa857782\Documents\idoc_experiments\0000000117701403_STAT.json;Frontend export completed.
0000000117701403;CTRL.json;GUI_DOWNLOAD;SUCCESS;C:\Users\sesa857782\Documents\idoc_experiments\0000000117701403_CTRL.json;Frontend export completed.
0000000117701403;CONTENT.xml;GUI_DOWNLOAD;SUCCESS;C:\Users\sesa857782\Documents\idoc_experiments\0000000117701403_CONTENT.xml;Frontend export completed.
0000000117701403;CTRL_TABLE;GUI_DOWNLOAD;SUCCESS;ZALE_EXP_CTRL;Status 0000000000000001 registered.
0000000117701405;STAT.json;GUI_DOWNLOAD;SUCCESS;C:\Users\sesa857782\Documents\idoc_experiments\0000000117701405_STAT.json;Frontend export completed.
0000000117701405;CTRL.json;GUI_DOWNLOAD;SUCCESS;C:\Users\sesa857782\Documents\idoc_experiments\0000000117701405_CTRL.json;Frontend export completed.
0000000117701405;CONTENT.xml;GUI_DOWNLOAD;SUCCESS;C:\Users\sesa857782\Documents\idoc_experiments\0000000117701405_CONTENT.xml;Frontend export completed.
0000000117701405;CTRL_TABLE;GUI_DOWNLOAD;SUCCESS;ZALE_EXP_CTRL;Status 0000000000000001 registered.
0000000117701407;STAT.json;GUI_DOWNLOAD;SUCCESS;C:\Users\sesa857782\Documents\idoc_experiments\0000000117701407_STAT.json;Frontend export completed.
0000000117701407;CTRL.json;GUI_DOWNLOAD;SUCCESS;C:\Users\sesa857782\Documents\idoc_experiments\0000000117701407_CTRL.json;Frontend export completed.
0000000117701407;CONTENT.xml;GUI_DOWNLOAD;SUCCESS;C:\Users\sesa857782\Documents\idoc_experiments\0000000117701407_CONTENT.xml;Frontend export completed.
0000000117701407;CTRL_TABLE;GUI_DOWNLOAD;SUCCESS;ZALE_EXP_CTRL;Status 0000000000000001 registered.
0000000117701409;STAT.json;GUI_DOWNLOAD;SUCCESS;C:\Users\sesa857782\Documents\idoc_experiments\0000000117701409_STAT.json;Frontend export completed.
0000000117701409;CTRL.json;GUI_DOWNLOAD;SUCCESS;C:\Users\sesa857782\Documents\idoc_experiments\0000000117701409_CTRL.json;Frontend export completed.
0000000117701409;CONTENT.xml;GUI_DOWNLOAD;SUCCESS;C:\Users\sesa857782\Documents\idoc_experiments\0000000117701409_CONTENT.xml;Frontend export completed.
0000000117701409;CTRL_TABLE;GUI_DOWNLOAD;SUCCESS;ZALE_EXP_CTRL;Status 0000000000000001 registered.
0000000117701411;STAT.json;GUI_DOWNLOAD;SUCCESS;C:\Users\sesa857782\Documents\idoc_experiments\0000000117701411_STAT.json;Frontend export completed.
0000000117701411;CTRL.json;GUI_DOWNLOAD;SUCCESS;C:\Users\sesa857782\Documents\idoc_experiments\0000000117701411_CTRL.json;Frontend export completed.
0000000117701411;CONTENT.xml;GUI_DOWNLOAD;SUCCESS;C:\Users\sesa857782\Documents\idoc_experiments\0000000117701411_CONTENT.xml;Frontend export completed.
0000000117701411;CTRL_TABLE;GUI_DOWNLOAD;SUCCESS;ZALE_EXP_CTRL;Status 0000000000000001 registered.
0000000117701413;STAT.json;GUI_DOWNLOAD;SUCCESS;C:\Users\sesa857782\Documents\idoc_experiments\0000000117701413_STAT.json;Frontend export completed.
0000000117701413;CTRL.json;GUI_DOWNLOAD;SUCCESS;C:\Users\sesa857782\Documents\idoc_experiments\0000000117701413_CTRL.json;Frontend export completed.
0000000117701413;CONTENT.xml;GUI_DOWNLOAD;SUCCESS;C:\Users\sesa857782\Documents\idoc_experiments\0000000117701413_CONTENT.xml;Frontend export completed.
0000000117701413;CTRL_TABLE;GUI_DOWNLOAD;SUCCESS;ZALE_EXP_CTRL;Status 0000000000000001 registered.
0000000117701417;STAT.json;GUI_DOWNLOAD;SUCCESS;C:\Users\sesa857782\Documents\idoc_experiments\0000000117701417_STAT.json;Frontend export completed.
0000000117701417;CTRL.json;GUI_DOWNLOAD;SUCCESS;C:\Users\sesa857782\Documents\idoc_experiments\0000000117701417_CTRL.json;Frontend export completed.
0000000117701417;CONTENT.xml;GUI_DOWNLOAD;SUCCESS;C:\Users\sesa857782\Documents\idoc_experiments\0000000117701417_CONTENT.xml;Frontend export completed.
0000000117701417;CTRL_TABLE;GUI_DOWNLOAD;SUCCESS;ZALE_EXP_CTRL;Status 0000000000000002 registered.
0000000117701418;STAT.json;GUI_DOWNLOAD;SUCCESS;C:\Users\sesa857782\Documents\idoc_experiments\0000000117701418_STAT.json;Frontend export completed.
0000000117701418;CTRL.json;GUI_DOWNLOAD;SUCCESS;C:\Users\sesa857782\Documents\idoc_experiments\0000000117701418_CTRL.json;Frontend export completed.
0000000117701418;CONTENT.xml;GUI_DOWNLOAD;SUCCESS;C:\Users\sesa857782\Documents\idoc_experiments\0000000117701418_CONTENT.xml;Frontend export completed.
0000000117701418;CTRL_TABLE;GUI_DOWNLOAD;SUCCESS;ZALE_EXP_CTRL;Status 0000000000000002 registered.
0000000117701420;STAT.json;GUI_DOWNLOAD;SUCCESS;C:\Users\sesa857782\Documents\idoc_experiments\0000000117701420_STAT.json;Frontend export completed.
0000000117701420;CTRL.json;GUI_DOWNLOAD;SUCCESS;C:\Users\sesa857782\Documents\idoc_experiments\0000000117701420_CTRL.json;Frontend export completed.
0000000117701420;CONTENT.xml;GUI_DOWNLOAD;SUCCESS;C:\Users\sesa857782\Documents\idoc_experiments\0000000117701420_CONTENT.xml;Frontend export completed.
0000000117701420;CTRL_TABLE;GUI_DOWNLOAD;SUCCESS;ZALE_EXP_CTRL;Status 0000000000000001 registered.
0000000117701422;STAT.json;GUI_DOWNLOAD;SUCCESS;C:\Users\sesa857782\Documents\idoc_experiments\0000000117701422_STAT.json;Frontend export completed.
0000000117701422;CTRL.json;GUI_DOWNLOAD;SUCCESS;C:\Users\sesa857782\Documents\idoc_experiments\0000000117701422_CTRL.json;Frontend export completed.
0000000117701422;CONTENT.xml;GUI_DOWNLOAD;SUCCESS;C:\Users\sesa857782\Documents\idoc_experiments\0000000117701422_CONTENT.xml;Frontend export completed.
0000000117701422;CTRL_TABLE;GUI_DOWNLOAD;SUCCESS;ZALE_EXP_CTRL;Status 0000000000000001 registered.
0000000117701424;STAT.json;GUI_DOWNLOAD;SUCCESS;C:\Users\sesa857782\Documents\idoc_experiments\0000000117701424_STAT.json;Frontend export completed.
0000000117701424;CTRL.json;GUI_DOWNLOAD;SUCCESS;C:\Users\sesa857782\Documents\idoc_experiments\0000000117701424_CTRL.json;Frontend export completed.
0000000117701424;CONTENT.xml;GUI_DOWNLOAD;SUCCESS;C:\Users\sesa857782\Documents\idoc_experiments\0000000117701424_CONTENT.xml;Frontend export completed.
0000000117701424;CTRL_TABLE;GUI_DOWNLOAD;SUCCESS;ZALE_EXP_CTRL;Status 0000000000000001 registered.
0000000117701426;STAT.json;GUI_DOWNLOAD;SUCCESS;C:\Users\sesa857782\Documents\idoc_experiments\0000000117701426_STAT.json;Frontend export completed.
0000000117701426;CTRL.json;GUI_DOWNLOAD;SUCCESS;C:\Users\sesa857782\Documents\idoc_experiments\0000000117701426_CTRL.json;Frontend export completed.
0000000117701426;CONTENT.xml;GUI_DOWNLOAD;SUCCESS;C:\Users\sesa857782\Documents\idoc_experiments\0000000117701426_CONTENT.xml;Frontend export completed.
0000000117701426;CTRL_TABLE;GUI_DOWNLOAD;SUCCESS;ZALE_EXP_CTRL;Status 0000000000000001 registered.
0000000117701428;STAT.json;GUI_DOWNLOAD;SUCCESS;C:\Users\sesa857782\Documents\idoc_experiments\0000000117701428_STAT.json;Frontend export completed.
0000000117701428;CTRL.json;GUI_DOWNLOAD;SUCCESS;C:\Users\sesa857782\Documents\idoc_experiments\0000000117701428_CTRL.json;Frontend export completed.
0000000117701428;CONTENT.xml;GUI_DOWNLOAD;SUCCESS;C:\Users\sesa857782\Documents\idoc_experiments\0000000117701428_CONTENT.xml;Frontend export completed.
0000000117701428;CTRL_TABLE;GUI_DOWNLOAD;SUCCESS;ZALE_EXP_CTRL;Status 0000000000000001 registered.
0000000117701430;STAT.json;GUI_DOWNLOAD;SUCCESS;C:\Users\sesa857782\Documents\idoc_experiments\0000000117701430_STAT.json;Frontend export completed.
0000000117701430;CTRL.json;GUI_DOWNLOAD;SUCCESS;C:\Users\sesa857782\Documents\idoc_experiments\0000000117701430_CTRL.json;Frontend export completed.
0000000117701430;CONTENT.xml;GUI_DOWNLOAD;SUCCESS;C:\Users\sesa857782\Documents\idoc_experiments\0000000117701430_CONTENT.xml;Frontend export completed.
0000000117701430;CTRL_TABLE;GUI_DOWNLOAD;SUCCESS;ZALE_EXP_CTRL;Status 0000000000000001 registered.
0000000117701432;STAT.json;GUI_DOWNLOAD;SUCCESS;C:\Users\sesa857782\Documents\idoc_experiments\0000000117701432_STAT.json;Frontend export completed.
0000000117701432;CTRL.json;GUI_DOWNLOAD;SUCCESS;C:\Users\sesa857782\Documents\idoc_experiments\0000000117701432_CTRL.json;Frontend export completed.
0000000117701432;CONTENT.xml;GUI_DOWNLOAD;SUCCESS;C:\Users\sesa857782\Documents\idoc_experiments\0000000117701432_CONTENT.xml;Frontend export completed.
0000000117701432;CTRL_TABLE;GUI_DOWNLOAD;SUCCESS;ZALE_EXP_CTRL;Status 0000000000000001 registered.
0000000117701434;STAT.json;GUI_DOWNLOAD;SUCCESS;C:\Users\sesa857782\Documents\idoc_experiments\0000000117701434_STAT.json;Frontend export completed.
0000000117701434;CTRL.json;GUI_DOWNLOAD;SUCCESS;C:\Users\sesa857782\Documents\idoc_experiments\0000000117701434_CTRL.json;Frontend export completed.
0000000117701434;CONTENT.xml;GUI_DOWNLOAD;SUCCESS;C:\Users\sesa857782\Documents\idoc_experiments\0000000117701434_CONTENT.xml;Frontend export completed.
0000000117701434;CTRL_TABLE;GUI_DOWNLOAD;SUCCESS;ZALE_EXP_CTRL;Status 0000000000000001 registered.
0000000117701436;STAT.json;GUI_DOWNLOAD;SUCCESS;C:\Users\sesa857782\Documents\idoc_experiments\0000000117701436_STAT.json;Frontend export completed.
0000000117701436;CTRL.json;GUI_DOWNLOAD;SUCCESS;C:\Users\sesa857782\Documents\idoc_experiments\0000000117701436_CTRL.json;Frontend export completed.
0000000117701436;CONTENT.xml;GUI_DOWNLOAD;SUCCESS;C:\Users\sesa857782\Documents\idoc_experiments\0000000117701436_CONTENT.xml;Frontend export completed.
0000000117701436;CTRL_TABLE;GUI_DOWNLOAD;SUCCESS;ZALE_EXP_CTRL;Status 0000000000000001 registered.
0000000117701438;STAT.json;GUI_DOWNLOAD;SUCCESS;C:\Users\sesa857782\Documents\idoc_experiments\0000000117701438_STAT.json;Frontend export completed.
0000000117701438;CTRL.json;GUI_DOWNLOAD;SUCCESS;C:\Users\sesa857782\Documents\idoc_experiments\0000000117701438_CTRL.json;Frontend export completed.
0000000117701438;CONTENT.xml;GUI_DOWNLOAD;SUCCESS;C:\Users\sesa857782\Documents\idoc_experiments\0000000117701438_CONTENT.xml;Frontend export completed.
0000000117701438;CTRL_TABLE;GUI_DOWNLOAD;SUCCESS;ZALE_EXP_CTRL;Status 0000000000000001 registered.
0000000117701440;STAT.json;GUI_DOWNLOAD;SUCCESS;C:\Users\sesa857782\Documents\idoc_experiments\0000000117701440_STAT.json;Frontend export completed.
0000000117701440;CTRL.json;GUI_DOWNLOAD;SUCCESS;C:\Users\sesa857782\Documents\idoc_experiments\0000000117701440_CTRL.json;Frontend export completed.
0000000117701440;CONTENT.xml;GUI_DOWNLOAD;SUCCESS;C:\Users\sesa857782\Documents\idoc_experiments\0000000117701440_CONTENT.xml;Frontend export completed.
0000000117701440;CTRL_TABLE;GUI_DOWNLOAD;SUCCESS;ZALE_EXP_CTRL;Status 0000000000000001 registered.
0000000117701442;STAT.json;GUI_DOWNLOAD;SUCCESS;C:\Users\sesa857782\Documents\idoc_experiments\0000000117701442_STAT.json;Frontend export completed.
0000000117701442;CTRL.json;GUI_DOWNLOAD;SUCCESS;C:\Users\sesa857782\Documents\idoc_experiments\0000000117701442_CTRL.json;Frontend export completed.
0000000117701442;CONTENT.xml;GUI_DOWNLOAD;SUCCESS;C:\Users\sesa857782\Documents\idoc_experiments\0000000117701442_CONTENT.xml;Frontend export completed.
0000000117701442;CTRL_TABLE;GUI_DOWNLOAD;SUCCESS;ZALE_EXP_CTRL;Status 0000000000000001 registered.
0000000117701444;STAT.json;GUI_DOWNLOAD;SUCCESS;C:\Users\sesa857782\Documents\idoc_experiments\0000000117701444_STAT.json;Frontend export completed.
0000000117701444;CTRL.json;GUI_DOWNLOAD;SUCCESS;C:\Users\sesa857782\Documents\idoc_experiments\0000000117701444_CTRL.json;Frontend export completed.
0000000117701444;CONTENT.xml;GUI_DOWNLOAD;SUCCESS;C:\Users\sesa857782\Documents\idoc_experiments\0000000117701444_CONTENT.xml;Frontend export completed.
0000000117701444;CTRL_TABLE;GUI_DOWNLOAD;SUCCESS;ZALE_EXP_CTRL;Status 0000000000000001 registered.
0000000117701446;STAT.json;GUI_DOWNLOAD;SUCCESS;C:\Users\sesa857782\Documents\idoc_experiments\0000000117701446_STAT.json;Frontend export completed.
0000000117701446;CTRL.json;GUI_DOWNLOAD;SUCCESS;C:\Users\sesa857782\Documents\idoc_experiments\0000000117701446_CTRL.json;Frontend export completed.
0000000117701446;CONTENT.xml;GUI_DOWNLOAD;SUCCESS;C:\Users\sesa857782\Documents\idoc_experiments\0000000117701446_CONTENT.xml;Frontend export completed.
0000000117701446;CTRL_TABLE;GUI_DOWNLOAD;SUCCESS;ZALE_EXP_CTRL;Status 0000000000000001 registered.
0000000117701448;STAT.json;GUI_DOWNLOAD;SUCCESS;C:\Users\sesa857782\Documents\idoc_experiments\0000000117701448_STAT.json;Frontend export completed.
0000000117701448;CTRL.json;GUI_DOWNLOAD;SUCCESS;C:\Users\sesa857782\Documents\idoc_experiments\0000000117701448_CTRL.json;Frontend export completed.
0000000117701448;CONTENT.xml;GUI_DOWNLOAD;SUCCESS;C:\Users\sesa857782\Documents\idoc_experiments\0000000117701448_CONTENT.xml;Frontend export completed.
0000000117701448;CTRL_TABLE;GUI_DOWNLOAD;SUCCESS;ZALE_EXP_CTRL;Status 0000000000000001 registered.
0000000117701450;STAT.json;GUI_DOWNLOAD;SUCCESS;C:\Users\sesa857782\Documents\idoc_experiments\0000000117701450_STAT.json;Frontend export completed.
0000000117701450;CTRL.json;GUI_DOWNLOAD;SUCCESS;C:\Users\sesa857782\Documents\idoc_experiments\0000000117701450_CTRL.json;Frontend export completed.
0000000117701450;CONTENT.xml;GUI_DOWNLOAD;SUCCESS;C:\Users\sesa857782\Documents\idoc_experiments\0000000117701450_CONTENT.xml;Frontend export completed.
0000000117701450;CTRL_TABLE;GUI_DOWNLOAD;SUCCESS;ZALE_EXP_CTRL;Status 0000000000000001 registered.
0000000117701452;STAT.json;GUI_DOWNLOAD;SUCCESS;C:\Users\sesa857782\Documents\idoc_experiments\0000000117701452_STAT.json;Frontend export completed.
0000000117701452;CTRL.json;GUI_DOWNLOAD;SUCCESS;C:\Users\sesa857782\Documents\idoc_experiments\0000000117701452_CTRL.json;Frontend export completed.
0000000117701452;CONTENT.xml;GUI_DOWNLOAD;SUCCESS;C:\Users\sesa857782\Documents\idoc_experiments\0000000117701452_CONTENT.xml;Frontend export completed.
0000000117701452;CTRL_TABLE;GUI_DOWNLOAD;SUCCESS;ZALE_EXP_CTRL;Status 0000000000000001 registered.
0000000117701454;STAT.json;GUI_DOWNLOAD;SUCCESS;C:\Users\sesa857782\Documents\idoc_experiments\0000000117701454_STAT.json;Frontend export completed.
0000000117701454;CTRL.json;GUI_DOWNLOAD;SUCCESS;C:\Users\sesa857782\Documents\idoc_experiments\0000000117701454_CTRL.json;Frontend export completed.
0000000117701454;CONTENT.xml;GUI_DOWNLOAD;SUCCESS;C:\Users\sesa857782\Documents\idoc_experiments\0000000117701454_CONTENT.xml;Frontend export completed.
0000000117701454;CTRL_TABLE;GUI_DOWNLOAD;SUCCESS;ZALE_EXP_CTRL;Status 0000000000000001 registered.
0000000117701456;STAT.json;GUI_DOWNLOAD;SUCCESS;C:\Users\sesa857782\Documents\idoc_experiments\0000000117701456_STAT.json;Frontend export completed.
0000000117701456;CTRL.json;GUI_DOWNLOAD;SUCCESS;C:\Users\sesa857782\Documents\idoc_experiments\0000000117701456_CTRL.json;Frontend export completed.
0000000117701456;CONTENT.xml;GUI_DOWNLOAD;SUCCESS;C:\Users\sesa857782\Documents\idoc_experiments\0000000117701456_CONTENT.xml;Frontend export completed.
0000000117701456;CTRL_TABLE;GUI_DOWNLOAD;SUCCESS;ZALE_EXP_CTRL;Status 0000000000000001 registered.
0000000117701467;STAT.json;GUI_DOWNLOAD;SUCCESS;C:\Users\sesa857782\Documents\idoc_experiments\0000000117701467_STAT.json;Frontend export completed.
0000000117701467;CTRL.json;GUI_DOWNLOAD;SUCCESS;C:\Users\sesa857782\Documents\idoc_experiments\0000000117701467_CTRL.json;Frontend export completed.
0000000117701467;CONTENT.xml;GUI_DOWNLOAD;SUCCESS;C:\Users\sesa857782\Documents\idoc_experiments\0000000117701467_CONTENT.xml;Frontend export completed.
0000000117701467;CTRL_TABLE;GUI_DOWNLOAD;SUCCESS;ZALE_EXP_CTRL;Status 0000000000000001 registered.
0000000117701468;STAT.json;GUI_DOWNLOAD;SUCCESS;C:\Users\sesa857782\Documents\idoc_experiments\0000000117701468_STAT.json;Frontend export completed.
0000000117701468;CTRL.json;GUI_DOWNLOAD;SUCCESS;C:\Users\sesa857782\Documents\idoc_experiments\0000000117701468_CTRL.json;Frontend export completed.
0000000117701468;CONTENT.xml;GUI_DOWNLOAD;SUCCESS;C:\Users\sesa857782\Documents\idoc_experiments\0000000117701468_CONTENT.xml;Frontend export completed.
0000000117701468;CTRL_TABLE;GUI_DOWNLOAD;SUCCESS;ZALE_EXP_CTRL;Status 0000000000000001 registered.
0000000117701470;STAT.json;GUI_DOWNLOAD;SUCCESS;C:\Users\sesa857782\Documents\idoc_experiments\0000000117701470_STAT.json;Frontend export completed.
0000000117701470;CTRL.json;GUI_DOWNLOAD;SUCCESS;C:\Users\sesa857782\Documents\idoc_experiments\0000000117701470_CTRL.json;Frontend export completed.
0000000117701470;CONTENT.xml;GUI_DOWNLOAD;SUCCESS;C:\Users\sesa857782\Documents\idoc_experiments\0000000117701470_CONTENT.xml;Frontend export completed.
0000000117701470;CTRL_TABLE;GUI_DOWNLOAD;SUCCESS;ZALE_EXP_CTRL;Status 0000000000000001 registered.
0000000117701472;STAT.json;GUI_DOWNLOAD;SUCCESS;C:\Users\sesa857782\Documents\idoc_experiments\0000000117701472_STAT.json;Frontend export completed.
0000000117701472;CTRL.json;GUI_DOWNLOAD;SUCCESS;C:\Users\sesa857782\Documents\idoc_experiments\0000000117701472_CTRL.json;Frontend export completed.
0000000117701472;CONTENT.xml;GUI_DOWNLOAD;SUCCESS;C:\Users\sesa857782\Documents\idoc_experiments\0000000117701472_CONTENT.xml;Frontend export completed.
0000000117701472;CTRL_TABLE;GUI_DOWNLOAD;SUCCESS;ZALE_EXP_CTRL;Status 0000000000000001 registered.
0000000117701474;STAT.json;GUI_DOWNLOAD;SUCCESS;C:\Users\sesa857782\Documents\idoc_experiments\0000000117701474_STAT.json;Frontend export completed.
0000000117701474;CTRL.json;GUI_DOWNLOAD;SUCCESS;C:\Users\sesa857782\Documents\idoc_experiments\0000000117701474_CTRL.json;Frontend export completed.
0000000117701474;CONTENT.xml;GUI_DOWNLOAD;SUCCESS;C:\Users\sesa857782\Documents\idoc_experiments\0000000117701474_CONTENT.xml;Frontend export completed.
0000000117701474;CTRL_TABLE;GUI_DOWNLOAD;SUCCESS;ZALE_EXP_CTRL;Status 0000000000000001 registered.
0000000117701477;STAT.json;GUI_DOWNLOAD;SUCCESS;C:\Users\sesa857782\Documents\idoc_experiments\0000000117701477_STAT.json;Frontend export completed.
0000000117701477;CTRL.json;GUI_DOWNLOAD;SUCCESS;C:\Users\sesa857782\Documents\idoc_experiments\0000000117701477_CTRL.json;Frontend export completed.
0000000117701477;CONTENT.xml;GUI_DOWNLOAD;SUCCESS;C:\Users\sesa857782\Documents\idoc_experiments\0000000117701477_CONTENT.xml;Frontend export completed.
0000000117701477;CTRL_TABLE;GUI_DOWNLOAD;SUCCESS;ZALE_EXP_CTRL;Status 0000000000000001 registered.
0000000117701480;STAT.json;GUI_DOWNLOAD;SUCCESS;C:\Users\sesa857782\Documents\idoc_experiments\0000000117701480_STAT.json;Frontend export completed.
0000000117701480;CTRL.json;GUI_DOWNLOAD;SUCCESS;C:\Users\sesa857782\Documents\idoc_experiments\0000000117701480_CTRL.json;Frontend export completed.
0000000117701480;CONTENT.xml;GUI_DOWNLOAD;SUCCESS;C:\Users\sesa857782\Documents\idoc_experiments\0000000117701480_CONTENT.xml;Frontend export completed.
0000000117701480;CTRL_TABLE;GUI_DOWNLOAD;SUCCESS;ZALE_EXP_CTRL;Status 0000000000000001 registered.
0000000117701482;STAT.json;GUI_DOWNLOAD;SUCCESS;C:\Users\sesa857782\Documents\idoc_experiments\0000000117701482_STAT.json;Frontend export completed.
0000000117701482;CTRL.json;GUI_DOWNLOAD;SUCCESS;C:\Users\sesa857782\Documents\idoc_experiments\0000000117701482_CTRL.json;Frontend export completed.
0000000117701482;CONTENT.xml;GUI_DOWNLOAD;SUCCESS;C:\Users\sesa857782\Documents\idoc_experiments\0000000117701482_CONTENT.xml;Frontend export completed.
0000000117701482;CTRL_TABLE;GUI_DOWNLOAD;SUCCESS;ZALE_EXP_CTRL;Status 0000000000000001 registered.
0000000117701485;STAT.json;GUI_DOWNLOAD;SUCCESS;C:\Users\sesa857782\Documents\idoc_experiments\0000000117701485_STAT.json;Frontend export completed.
0000000117701485;CTRL.json;GUI_DOWNLOAD;SUCCESS;C:\Users\sesa857782\Documents\idoc_experiments\0000000117701485_CTRL.json;Frontend export completed.
0000000117701485;CONTENT.xml;GUI_DOWNLOAD;SUCCESS;C:\Users\sesa857782\Documents\idoc_experiments\0000000117701485_CONTENT.xml;Frontend export completed.
0000000117701485;CTRL_TABLE;GUI_DOWNLOAD;SUCCESS;ZALE_EXP_CTRL;Status 0000000000000001 registered.
0000000117701489;STAT.json;GUI_DOWNLOAD;SUCCESS;C:\Users\sesa857782\Documents\idoc_experiments\0000000117701489_STAT.json;Frontend export completed.
0000000117701489;CTRL.json;GUI_DOWNLOAD;SUCCESS;C:\Users\sesa857782\Documents\idoc_experiments\0000000117701489_CTRL.json;Frontend export completed.
0000000117701489;CONTENT.xml;GUI_DOWNLOAD;SUCCESS;C:\Users\sesa857782\Documents\idoc_experiments\0000000117701489_CONTENT.xml;Frontend export completed.
0000000117701489;CTRL_TABLE;GUI_DOWNLOAD;SUCCESS;ZALE_EXP_CTRL;Status 0000000000000001 registered.
0000000117701492;STAT.json;GUI_DOWNLOAD;SUCCESS;C:\Users\sesa857782\Documents\idoc_experiments\0000000117701492_STAT.json;Frontend export completed.
0000000117701492;CTRL.json;GUI_DOWNLOAD;SUCCESS;C:\Users\sesa857782\Documents\idoc_experiments\0000000117701492_CTRL.json;Frontend export completed.
0000000117701492;CONTENT.xml;GUI_DOWNLOAD;SUCCESS;C:\Users\sesa857782\Documents\idoc_experiments\0000000117701492_CONTENT.xml;Frontend export completed.
0000000117701492;CTRL_TABLE;GUI_DOWNLOAD;SUCCESS;ZALE_EXP_CTRL;Status 0000000000000001 registered.
0000000117701496;STAT.json;GUI_DOWNLOAD;SUCCESS;C:\Users\sesa857782\Documents\idoc_experiments\0000000117701496_STAT.json;Frontend export completed.
0000000117701496;CTRL.json;GUI_DOWNLOAD;SUCCESS;C:\Users\sesa857782\Documents\idoc_experiments\0000000117701496_CTRL.json;Frontend export completed.
0000000117701496;CONTENT.xml;GUI_DOWNLOAD;SUCCESS;C:\Users\sesa857782\Documents\idoc_experiments\0000000117701496_CONTENT.xml;Frontend export completed.
0000000117701496;CTRL_TABLE;GUI_DOWNLOAD;SUCCESS;ZALE_EXP_CTRL;Status 0000000000000001 registered.
0000000117701500;STAT.json;GUI_DOWNLOAD;SUCCESS;C:\Users\sesa857782\Documents\idoc_experiments\0000000117701500_STAT.json;Frontend export completed.
0000000117701500;CTRL.json;GUI_DOWNLOAD;SUCCESS;C:\Users\sesa857782\Documents\idoc_experiments\0000000117701500_CTRL.json;Frontend export completed.
0000000117701500;CONTENT.xml;GUI_DOWNLOAD;SUCCESS;C:\Users\sesa857782\Documents\idoc_experiments\0000000117701500_CONTENT.xml;Frontend export completed.
0000000117701500;CTRL_TABLE;GUI_DOWNLOAD;SUCCESS;ZALE_EXP_CTRL;Status 0000000000000001 registered.
0000000117701502;STAT.json;GUI_DOWNLOAD;SUCCESS;C:\Users\sesa857782\Documents\idoc_experiments\0000000117701502_STAT.json;Frontend export completed.
0000000117701502;CTRL.json;GUI_DOWNLOAD;SUCCESS;C:\Users\sesa857782\Documents\idoc_experiments\0000000117701502_CTRL.json;Frontend export completed.
0000000117701502;CONTENT.xml;GUI_DOWNLOAD;SUCCESS;C:\Users\sesa857782\Documents\idoc_experiments\0000000117701502_CONTENT.xml;Frontend export completed.
0000000117701502;CTRL_TABLE;GUI_DOWNLOAD;SUCCESS;ZALE_EXP_CTRL;Status 0000000000000001 registered.
0000000117701507;STAT.json;GUI_DOWNLOAD;SUCCESS;C:\Users\sesa857782\Documents\idoc_experiments\0000000117701507_STAT.json;Frontend export completed.
0000000117701507;CTRL.json;GUI_DOWNLOAD;SUCCESS;C:\Users\sesa857782\Documents\idoc_experiments\0000000117701507_CTRL.json;Frontend export completed.
0000000117701507;CONTENT.xml;GUI_DOWNLOAD;SUCCESS;C:\Users\sesa857782\Documents\idoc_experiments\0000000117701507_CONTENT.xml;Frontend export completed.
0000000117701507;CTRL_TABLE;GUI_DOWNLOAD;SUCCESS;ZALE_EXP_CTRL;Status 0000000000000001 registered.
0000000117701509;STAT.json;GUI_DOWNLOAD;SUCCESS;C:\Users\sesa857782\Documents\idoc_experiments\0000000117701509_STAT.json;Frontend export completed.
0000000117701509;CTRL.json;GUI_DOWNLOAD;SUCCESS;C:\Users\sesa857782\Documents\idoc_experiments\0000000117701509_CTRL.json;Frontend export completed.
0000000117701509;CONTENT.xml;GUI_DOWNLOAD;SUCCESS;C:\Users\sesa857782\Documents\idoc_experiments\0000000117701509_CONTENT.xml;Frontend export completed.
0000000117701509;CTRL_TABLE;GUI_DOWNLOAD;SUCCESS;ZALE_EXP_CTRL;Status 0000000000000001 registered.
0000000117701511;STAT.json;GUI_DOWNLOAD;SUCCESS;C:\Users\sesa857782\Documents\idoc_experiments\0000000117701511_STAT.json;Frontend export completed.
0000000117701511;CTRL.json;GUI_DOWNLOAD;SUCCESS;C:\Users\sesa857782\Documents\idoc_experiments\0000000117701511_CTRL.json;Frontend export completed.
0000000117701511;CONTENT.xml;GUI_DOWNLOAD;SUCCESS;C:\Users\sesa857782\Documents\idoc_experiments\0000000117701511_CONTENT.xml;Frontend export completed.
0000000117701511;CTRL_TABLE;GUI_DOWNLOAD;SUCCESS;ZALE_EXP_CTRL;Status 0000000000000001 registered.
0000000117701515;STAT.json;GUI_DOWNLOAD;SUCCESS;C:\Users\sesa857782\Documents\idoc_experiments\0000000117701515_STAT.json;Frontend export completed.
0000000117701515;CTRL.json;GUI_DOWNLOAD;SUCCESS;C:\Users\sesa857782\Documents\idoc_experiments\0000000117701515_CTRL.json;Frontend export completed.
0000000117701515;CONTENT.xml;GUI_DOWNLOAD;SUCCESS;C:\Users\sesa857782\Documents\idoc_experiments\0000000117701515_CONTENT.xml;Frontend export completed.
0000000117701515;CTRL_TABLE;GUI_DOWNLOAD;SUCCESS;ZALE_EXP_CTRL;Status 0000000000000001 registered.
0000000117701518;STAT.json;GUI_DOWNLOAD;SUCCESS;C:\Users\sesa857782\Documents\idoc_experiments\0000000117701518_STAT.json;Frontend export completed.
0000000117701518;CTRL.json;GUI_DOWNLOAD;SUCCESS;C:\Users\sesa857782\Documents\idoc_experiments\0000000117701518_CTRL.json;Frontend export completed.
0000000117701518;CONTENT.xml;GUI_DOWNLOAD;SUCCESS;C:\Users\sesa857782\Documents\idoc_experiments\0000000117701518_CONTENT.xml;Frontend export completed.
0000000117701518;CTRL_TABLE;GUI_DOWNLOAD;SUCCESS;ZALE_EXP_CTRL;Status 0000000000000001 registered.
0000000117701521;STAT.json;GUI_DOWNLOAD;SUCCESS;C:\Users\sesa857782\Documents\idoc_experiments\0000000117701521_STAT.json;Frontend export completed.
0000000117701521;CTRL.json;GUI_DOWNLOAD;SUCCESS;C:\Users\sesa857782\Documents\idoc_experiments\0000000117701521_CTRL.json;Frontend export completed.
0000000117701521;CONTENT.xml;GUI_DOWNLOAD;SUCCESS;C:\Users\sesa857782\Documents\idoc_experiments\0000000117701521_CONTENT.xml;Frontend export completed.
0000000117701521;CTRL_TABLE;GUI_DOWNLOAD;SUCCESS;ZALE_EXP_CTRL;Status 0000000000000001 registered.
0000000117701531;STAT.json;GUI_DOWNLOAD;SUCCESS;C:\Users\sesa857782\Documents\idoc_experiments\0000000117701531_STAT.json;Frontend export completed.
0000000117701531;CTRL.json;GUI_DOWNLOAD;SUCCESS;C:\Users\sesa857782\Documents\idoc_experiments\0000000117701531_CTRL.json;Frontend export completed.
0000000117701531;CONTENT.xml;GUI_DOWNLOAD;SUCCESS;C:\Users\sesa857782\Documents\idoc_experiments\0000000117701531_CONTENT.xml;Frontend export completed.
0000000117701531;CTRL_TABLE;GUI_DOWNLOAD;SUCCESS;ZALE_EXP_CTRL;Status 0000000000000001 registered.
0000000117701533;STAT.json;GUI_DOWNLOAD;SUCCESS;C:\Users\sesa857782\Documents\idoc_experiments\0000000117701533_STAT.json;Frontend export completed.
0000000117701533;CTRL.json;GUI_DOWNLOAD;SUCCESS;C:\Users\sesa857782\Documents\idoc_experiments\0000000117701533_CTRL.json;Frontend export completed.
0000000117701533;CONTENT.xml;GUI_DOWNLOAD;SUCCESS;C:\Users\sesa857782\Documents\idoc_experiments\0000000117701533_CONTENT.xml;Frontend export completed.
0000000117701533;CTRL_TABLE;GUI_DOWNLOAD;SUCCESS;ZALE_EXP_CTRL;Status 0000000000000001 registered.
0000000117701535;STAT.json;GUI_DOWNLOAD;SUCCESS;C:\Users\sesa857782\Documents\idoc_experiments\0000000117701535_STAT.json;Frontend export completed.
0000000117701535;CTRL.json;GUI_DOWNLOAD;SUCCESS;C:\Users\sesa857782\Documents\idoc_experiments\0000000117701535_CTRL.json;Frontend export completed.
0000000117701535;CONTENT.xml;GUI_DOWNLOAD;SUCCESS;C:\Users\sesa857782\Documents\idoc_experiments\0000000117701535_CONTENT.xml;Frontend export completed.
0000000117701535;CTRL_TABLE;GUI_DOWNLOAD;SUCCESS;ZALE_EXP_CTRL;Status 0000000000000001 registered.
0000000117701539;STAT.json;GUI_DOWNLOAD;SUCCESS;C:\Users\sesa857782\Documents\idoc_experiments\0000000117701539_STAT.json;Frontend export completed.
0000000117701539;CTRL.json;GUI_DOWNLOAD;SUCCESS;C:\Users\sesa857782\Documents\idoc_experiments\0000000117701539_CTRL.json;Frontend export completed.
0000000117701539;CONTENT.xml;GUI_DOWNLOAD;SUCCESS;C:\Users\sesa857782\Documents\idoc_experiments\0000000117701539_CONTENT.xml;Frontend export completed.
0000000117701539;CTRL_TABLE;GUI_DOWNLOAD;SUCCESS;ZALE_EXP_CTRL;Status 0000000000000001 registered.
0000000117701541;STAT.json;GUI_DOWNLOAD;SUCCESS;C:\Users\sesa857782\Documents\idoc_experiments\0000000117701541_STAT.json;Frontend export completed.
0000000117701541;CTRL.json;GUI_DOWNLOAD;SUCCESS;C:\Users\sesa857782\Documents\idoc_experiments\0000000117701541_CTRL.json;Frontend export completed.
0000000117701541;CONTENT.xml;GUI_DOWNLOAD;SUCCESS;C:\Users\sesa857782\Documents\idoc_experiments\0000000117701541_CONTENT.xml;Frontend export completed.
0000000117701541;CTRL_TABLE;GUI_DOWNLOAD;SUCCESS;ZALE_EXP_CTRL;Status 0000000000000001 registered.
0000000117701553;STAT.json;GUI_DOWNLOAD;SUCCESS;C:\Users\sesa857782\Documents\idoc_experiments\0000000117701553_STAT.json;Frontend export completed.
0000000117701553;CTRL.json;GUI_DOWNLOAD;SUCCESS;C:\Users\sesa857782\Documents\idoc_experiments\0000000117701553_CTRL.json;Frontend export completed.
0000000117701553;CONTENT.xml;GUI_DOWNLOAD;SUCCESS;C:\Users\sesa857782\Documents\idoc_experiments\0000000117701553_CONTENT.xml;Frontend export completed.
0000000117701553;CTRL_TABLE;GUI_DOWNLOAD;SUCCESS;ZALE_EXP_CTRL;Status 0000000000000001 registered.
0000000117701555;STAT.json;GUI_DOWNLOAD;SUCCESS;C:\Users\sesa857782\Documents\idoc_experiments\0000000117701555_STAT.json;Frontend export completed.
0000000117701555;CTRL.json;GUI_DOWNLOAD;SUCCESS;C:\Users\sesa857782\Documents\idoc_experiments\0000000117701555_CTRL.json;Frontend export completed.
0000000117701555;CONTENT.xml;GUI_DOWNLOAD;SUCCESS;C:\Users\sesa857782\Documents\idoc_experiments\0000000117701555_CONTENT.xml;Frontend export completed.
0000000117701555;CTRL_TABLE;GUI_DOWNLOAD;SUCCESS;ZALE_EXP_CTRL;Status 0000000000000001 registered.
0000000117701557;STAT.json;GUI_DOWNLOAD;SUCCESS;C:\Users\sesa857782\Documents\idoc_experiments\0000000117701557_STAT.json;Frontend export completed.
0000000117701557;CTRL.json;GUI_DOWNLOAD;SUCCESS;C:\Users\sesa857782\Documents\idoc_experiments\0000000117701557_CTRL.json;Frontend export completed.
0000000117701557;CONTENT.xml;GUI_DOWNLOAD;SUCCESS;C:\Users\sesa857782\Documents\idoc_experiments\0000000117701557_CONTENT.xml;Frontend export completed.
0000000117701557;CTRL_TABLE;GUI_DOWNLOAD;SUCCESS;ZALE_EXP_CTRL;Status 0000000000000001 registered.
0000000117701560;STAT.json;GUI_DOWNLOAD;SUCCESS;C:\Users\sesa857782\Documents\idoc_experiments\0000000117701560_STAT.json;Frontend export completed.
0000000117701560;CTRL.json;GUI_DOWNLOAD;SUCCESS;C:\Users\sesa857782\Documents\idoc_experiments\0000000117701560_CTRL.json;Frontend export completed.
0000000117701560;CONTENT.xml;GUI_DOWNLOAD;SUCCESS;C:\Users\sesa857782\Documents\idoc_experiments\0000000117701560_CONTENT.xml;Frontend export completed.
0000000117701560;CTRL_TABLE;GUI_DOWNLOAD;SUCCESS;ZALE_EXP_CTRL;Status 0000000000000001 registered.
0000000117701583;STAT.json;GUI_DOWNLOAD;SUCCESS;C:\Users\sesa857782\Documents\idoc_experiments\0000000117701583_STAT.json;Frontend export completed.
0000000117701583;CTRL.json;GUI_DOWNLOAD;SUCCESS;C:\Users\sesa857782\Documents\idoc_experiments\0000000117701583_CTRL.json;Frontend export completed.
0000000117701583;CONTENT.xml;GUI_DOWNLOAD;SUCCESS;C:\Users\sesa857782\Documents\idoc_experiments\0000000117701583_CONTENT.xml;Frontend export completed.
0000000117701583;CTRL_TABLE;GUI_DOWNLOAD;SUCCESS;ZALE_EXP_CTRL;Status 0000000000000001 registered.
0000000117701590;STAT.json;GUI_DOWNLOAD;SUCCESS;C:\Users\sesa857782\Documents\idoc_experiments\0000000117701590_STAT.json;Frontend export completed.
0000000117701590;CTRL.json;GUI_DOWNLOAD;SUCCESS;C:\Users\sesa857782\Documents\idoc_experiments\0000000117701590_CTRL.json;Frontend export completed.
0000000117701590;CONTENT.xml;GUI_DOWNLOAD;SUCCESS;C:\Users\sesa857782\Documents\idoc_experiments\0000000117701590_CONTENT.xml;Frontend export completed.
0000000117701590;CTRL_TABLE;GUI_DOWNLOAD;SUCCESS;ZALE_EXP_CTRL;Status 0000000000000001 registered.
0000000117701593;STAT.json;GUI_DOWNLOAD;SUCCESS;C:\Users\sesa857782\Documents\idoc_experiments\0000000117701593_STAT.json;Frontend export completed.
0000000117701593;CTRL.json;GUI_DOWNLOAD;SUCCESS;C:\Users\sesa857782\Documents\idoc_experiments\0000000117701593_CTRL.json;Frontend export completed.
0000000117701593;CONTENT.xml;GUI_DOWNLOAD;SUCCESS;C:\Users\sesa857782\Documents\idoc_experiments\0000000117701593_CONTENT.xml;Frontend export completed.
0000000117701593;CTRL_TABLE;GUI_DOWNLOAD;SUCCESS;ZALE_EXP_CTRL;Status 0000000000000001 registered.
0000000117701596;STAT.json;GUI_DOWNLOAD;SUCCESS;C:\Users\sesa857782\Documents\idoc_experiments\0000000117701596_STAT.json;Frontend export completed.
0000000117701596;CTRL.json;GUI_DOWNLOAD;SUCCESS;C:\Users\sesa857782\Documents\idoc_experiments\0000000117701596_CTRL.json;Frontend export completed.
0000000117701596;CONTENT.xml;GUI_DOWNLOAD;SUCCESS;C:\Users\sesa857782\Documents\idoc_experiments\0000000117701596_CONTENT.xml;Frontend export completed.
0000000117701596;CTRL_TABLE;GUI_DOWNLOAD;SUCCESS;ZALE_EXP_CTRL;Status 0000000000000001 registered.
0000000117701604;STAT.json;GUI_DOWNLOAD;SUCCESS;C:\Users\sesa857782\Documents\idoc_experiments\0000000117701604_STAT.json;Frontend export completed.
0000000117701604;CTRL.json;GUI_DOWNLOAD;SUCCESS;C:\Users\sesa857782\Documents\idoc_experiments\0000000117701604_CTRL.json;Frontend export completed.
0000000117701604;CONTENT.xml;GUI_DOWNLOAD;SUCCESS;C:\Users\sesa857782\Documents\idoc_experiments\0000000117701604_CONTENT.xml;Frontend export completed.
0000000117701604;CTRL_TABLE;GUI_DOWNLOAD;SUCCESS;ZALE_EXP_CTRL;Status 0000000000000001 registered.
0000000117701607;STAT.json;GUI_DOWNLOAD;SUCCESS;C:\Users\sesa857782\Documents\idoc_experiments\0000000117701607_STAT.json;Frontend export completed.
0000000117701607;CTRL.json;GUI_DOWNLOAD;SUCCESS;C:\Users\sesa857782\Documents\idoc_experiments\0000000117701607_CTRL.json;Frontend export completed.
0000000117701607;CONTENT.xml;GUI_DOWNLOAD;SUCCESS;C:\Users\sesa857782\Documents\idoc_experiments\0000000117701607_CONTENT.xml;Frontend export completed.
0000000117701607;CTRL_TABLE;GUI_DOWNLOAD;SUCCESS;ZALE_EXP_CTRL;Status 0000000000000001 registered.
0000000117701649;STAT.json;GUI_DOWNLOAD;SUCCESS;C:\Users\sesa857782\Documents\idoc_experiments\0000000117701649_STAT.json;Frontend export completed.
0000000117701649;CTRL.json;GUI_DOWNLOAD;SUCCESS;C:\Users\sesa857782\Documents\idoc_experiments\0000000117701649_CTRL.json;Frontend export completed.
0000000117701649;CONTENT.xml;GUI_DOWNLOAD;SUCCESS;C:\Users\sesa857782\Documents\idoc_experiments\0000000117701649_CONTENT.xml;Frontend export completed.
0000000117701649;CTRL_TABLE;GUI_DOWNLOAD;SUCCESS;ZALE_EXP_CTRL;Status 0000000000000001 registered.
0000000117701656;STAT.json;GUI_DOWNLOAD;SUCCESS;C:\Users\sesa857782\Documents\idoc_experiments\0000000117701656_STAT.json;Frontend export completed.
0000000117701656;CTRL.json;GUI_DOWNLOAD;SUCCESS;C:\Users\sesa857782\Documents\idoc_experiments\0000000117701656_CTRL.json;Frontend export completed.
0000000117701656;CONTENT.xml;GUI_DOWNLOAD;SUCCESS;C:\Users\sesa857782\Documents\idoc_experiments\0000000117701656_CONTENT.xml;Frontend export completed.
0000000117701656;CTRL_TABLE;GUI_DOWNLOAD;SUCCESS;ZALE_EXP_CTRL;Status 0000000000000001 registered.
0000000117701658;STAT.json;GUI_DOWNLOAD;SUCCESS;C:\Users\sesa857782\Documents\idoc_experiments\0000000117701658_STAT.json;Frontend export completed.
0000000117701658;CTRL.json;GUI_DOWNLOAD;SUCCESS;C:\Users\sesa857782\Documents\idoc_experiments\0000000117701658_CTRL.json;Frontend export completed.
0000000117701658;CONTENT.xml;GUI_DOWNLOAD;SUCCESS;C:\Users\sesa857782\Documents\idoc_experiments\0000000117701658_CONTENT.xml;Frontend export completed.
0000000117701658;CTRL_TABLE;GUI_DOWNLOAD;SUCCESS;ZALE_EXP_CTRL;Status 0000000000000001 registered.
0000000117701660;STAT.json;GUI_DOWNLOAD;SUCCESS;C:\Users\sesa857782\Documents\idoc_experiments\0000000117701660_STAT.json;Frontend export completed.
0000000117701660;CTRL.json;GUI_DOWNLOAD;SUCCESS;C:\Users\sesa857782\Documents\idoc_experiments\0000000117701660_CTRL.json;Frontend export completed.
0000000117701660;CONTENT.xml;GUI_DOWNLOAD;SUCCESS;C:\Users\sesa857782\Documents\idoc_experiments\0000000117701660_CONTENT.xml;Frontend export completed.
0000000117701660;CTRL_TABLE;GUI_DOWNLOAD;SUCCESS;ZALE_EXP_CTRL;Status 0000000000000001 registered.
0000000117701672;STAT.json;GUI_DOWNLOAD;SUCCESS;C:\Users\sesa857782\Documents\idoc_experiments\0000000117701672_STAT.json;Frontend export completed.
0000000117701672;CTRL.json;GUI_DOWNLOAD;SUCCESS;C:\Users\sesa857782\Documents\idoc_experiments\0000000117701672_CTRL.json;Frontend export completed.
0000000117701672;CONTENT.xml;GUI_DOWNLOAD;SUCCESS;C:\Users\sesa857782\Documents\idoc_experiments\0000000117701672_CONTENT.xml;Frontend export completed.
0000000117701672;CTRL_TABLE;GUI_DOWNLOAD;SUCCESS;ZALE_EXP_CTRL;Status 0000000000000001 registered.
0000000117701674;STAT.json;GUI_DOWNLOAD;SUCCESS;C:\Users\sesa857782\Documents\idoc_experiments\0000000117701674_STAT.json;Frontend export completed.
0000000117701674;CTRL.json;GUI_DOWNLOAD;SUCCESS;C:\Users\sesa857782\Documents\idoc_experiments\0000000117701674_CTRL.json;Frontend export completed.
0000000117701674;CONTENT.xml;GUI_DOWNLOAD;SUCCESS;C:\Users\sesa857782\Documents\idoc_experiments\0000000117701674_CONTENT.xml;Frontend export completed.
0000000117701674;CTRL_TABLE;GUI_DOWNLOAD;SUCCESS;ZALE_EXP_CTRL;Status 0000000000000001 registered.
0000000117701681;STAT.json;GUI_DOWNLOAD;SUCCESS;C:\Users\sesa857782\Documents\idoc_experiments\0000000117701681_STAT.json;Frontend export completed.
0000000117701681;CTRL.json;GUI_DOWNLOAD;SUCCESS;C:\Users\sesa857782\Documents\idoc_experiments\0000000117701681_CTRL.json;Frontend export completed.
0000000117701681;CONTENT.xml;GUI_DOWNLOAD;SUCCESS;C:\Users\sesa857782\Documents\idoc_experiments\0000000117701681_CONTENT.xml;Frontend export completed.
0000000117701681;CTRL_TABLE;GUI_DOWNLOAD;SUCCESS;ZALE_EXP_CTRL;Status 0000000000000001 registered.
0000000117701683;STAT.json;GUI_DOWNLOAD;SUCCESS;C:\Users\sesa857782\Documents\idoc_experiments\0000000117701683_STAT.json;Frontend export completed.
0000000117701683;CTRL.json;GUI_DOWNLOAD;SUCCESS;C:\Users\sesa857782\Documents\idoc_experiments\0000000117701683_CTRL.json;Frontend export completed.
0000000117701683;CONTENT.xml;GUI_DOWNLOAD;SUCCESS;C:\Users\sesa857782\Documents\idoc_experiments\0000000117701683_CONTENT.xml;Frontend export completed.
0000000117701683;CTRL_TABLE;GUI_DOWNLOAD;SUCCESS;ZALE_EXP_CTRL;Status 0000000000000001 registered.
0000000117701691;STAT.json;GUI_DOWNLOAD;SUCCESS;C:\Users\sesa857782\Documents\idoc_experiments\0000000117701691_STAT.json;Frontend export completed.
0000000117701691;CTRL.json;GUI_DOWNLOAD;SUCCESS;C:\Users\sesa857782\Documents\idoc_experiments\0000000117701691_CTRL.json;Frontend export completed.
0000000117701691;CONTENT.xml;GUI_DOWNLOAD;SUCCESS;C:\Users\sesa857782\Documents\idoc_experiments\0000000117701691_CONTENT.xml;Frontend export completed.
0000000117701691;CTRL_TABLE;GUI_DOWNLOAD;SUCCESS;ZALE_EXP_CTRL;Status 0000000000000001 registered.
0000000117701693;STAT.json;GUI_DOWNLOAD;SUCCESS;C:\Users\sesa857782\Documents\idoc_experiments\0000000117701693_STAT.json;Frontend export completed.
0000000117701693;CTRL.json;GUI_DOWNLOAD;SUCCESS;C:\Users\sesa857782\Documents\idoc_experiments\0000000117701693_CTRL.json;Frontend export completed.
0000000117701693;CONTENT.xml;GUI_DOWNLOAD;SUCCESS;C:\Users\sesa857782\Documents\idoc_experiments\0000000117701693_CONTENT.xml;Frontend export completed.
0000000117701693;CTRL_TABLE;GUI_DOWNLOAD;SUCCESS;ZALE_EXP_CTRL;Status 0000000000000001 registered.
0000000117701696;STAT.json;GUI_DOWNLOAD;SUCCESS;C:\Users\sesa857782\Documents\idoc_experiments\0000000117701696_STAT.json;Frontend export completed.
0000000117701696;CTRL.json;GUI_DOWNLOAD;SUCCESS;C:\Users\sesa857782\Documents\idoc_experiments\0000000117701696_CTRL.json;Frontend export completed.
0000000117701696;CONTENT.xml;GUI_DOWNLOAD;SUCCESS;C:\Users\sesa857782\Documents\idoc_experiments\0000000117701696_CONTENT.xml;Frontend export completed.
0000000117701696;CTRL_TABLE;GUI_DOWNLOAD;SUCCESS;ZALE_EXP_CTRL;Status 0000000000000001 registered.
0000000117701698;STAT.json;GUI_DOWNLOAD;SUCCESS;C:\Users\sesa857782\Documents\idoc_experiments\0000000117701698_STAT.json;Frontend export completed.
0000000117701698;CTRL.json;GUI_DOWNLOAD;SUCCESS;C:\Users\sesa857782\Documents\idoc_experiments\0000000117701698_CTRL.json;Frontend export completed.
0000000117701698;CONTENT.xml;GUI_DOWNLOAD;SUCCESS;C:\Users\sesa857782\Documents\idoc_experiments\0000000117701698_CONTENT.xml;Frontend export completed.
0000000117701698;CTRL_TABLE;GUI_DOWNLOAD;SUCCESS;ZALE_EXP_CTRL;Status 0000000000000001 registered.
0000000117701701;STAT.json;GUI_DOWNLOAD;SUCCESS;C:\Users\sesa857782\Documents\idoc_experiments\0000000117701701_STAT.json;Frontend export completed.
0000000117701701;CTRL.json;GUI_DOWNLOAD;SUCCESS;C:\Users\sesa857782\Documents\idoc_experiments\0000000117701701_CTRL.json;Frontend export completed.
0000000117701701;CONTENT.xml;GUI_DOWNLOAD;SUCCESS;C:\Users\sesa857782\Documents\idoc_experiments\0000000117701701_CONTENT.xml;Frontend export completed.
0000000117701701;CTRL_TABLE;GUI_DOWNLOAD;SUCCESS;ZALE_EXP_CTRL;Status 0000000000000001 registered.
0000000117701704;STAT.json;GUI_DOWNLOAD;SUCCESS;C:\Users\sesa857782\Documents\idoc_experiments\0000000117701704_STAT.json;Frontend export completed.
0000000117701704;CTRL.json;GUI_DOWNLOAD;SUCCESS;C:\Users\sesa857782\Documents\idoc_experiments\0000000117701704_CTRL.json;Frontend export completed.
0000000117701704;CONTENT.xml;GUI_DOWNLOAD;SUCCESS;C:\Users\sesa857782\Documents\idoc_experiments\0000000117701704_CONTENT.xml;Frontend export completed.
0000000117701704;CTRL_TABLE;GUI_DOWNLOAD;SUCCESS;ZALE_EXP_CTRL;Status 0000000000000001 registered.
0000000117701708;STAT.json;GUI_DOWNLOAD;SUCCESS;C:\Users\sesa857782\Documents\idoc_experiments\0000000117701708_STAT.json;Frontend export completed.
0000000117701708;CTRL.json;GUI_DOWNLOAD;SUCCESS;C:\Users\sesa857782\Documents\idoc_experiments\0000000117701708_CTRL.json;Frontend export completed.
0000000117701708;CONTENT.xml;GUI_DOWNLOAD;SUCCESS;C:\Users\sesa857782\Documents\idoc_experiments\0000000117701708_CONTENT.xml;Frontend export completed.
0000000117701708;CTRL_TABLE;GUI_DOWNLOAD;SUCCESS;ZALE_EXP_CTRL;Status 0000000000000001 registered.
0000000117701712;STAT.json;GUI_DOWNLOAD;SUCCESS;C:\Users\sesa857782\Documents\idoc_experiments\0000000117701712_STAT.json;Frontend export completed.
0000000117701712;CTRL.json;GUI_DOWNLOAD;SUCCESS;C:\Users\sesa857782\Documents\idoc_experiments\0000000117701712_CTRL.json;Frontend export completed.
0000000117701712;CONTENT.xml;GUI_DOWNLOAD;SUCCESS;C:\Users\sesa857782\Documents\idoc_experiments\0000000117701712_CONTENT.xml;Frontend export completed.
0000000117701712;CTRL_TABLE;GUI_DOWNLOAD;SUCCESS;ZALE_EXP_CTRL;Status 0000000000000001 registered.
0000000117701718;STAT.json;GUI_DOWNLOAD;SUCCESS;C:\Users\sesa857782\Documents\idoc_experiments\0000000117701718_STAT.json;Frontend export completed.
0000000117701718;CTRL.json;GUI_DOWNLOAD;SUCCESS;C:\Users\sesa857782\Documents\idoc_experiments\0000000117701718_CTRL.json;Frontend export completed.
0000000117701718;CONTENT.xml;GUI_DOWNLOAD;SUCCESS;C:\Users\sesa857782\Documents\idoc_experiments\0000000117701718_CONTENT.xml;Frontend export completed.
0000000117701718;CTRL_TABLE;GUI_DOWNLOAD;SUCCESS;ZALE_EXP_CTRL;Status 0000000000000001 registered.
0000000117701720;STAT.json;GUI_DOWNLOAD;SUCCESS;C:\Users\sesa857782\Documents\idoc_experiments\0000000117701720_STAT.json;Frontend export completed.
0000000117701720;CTRL.json;GUI_DOWNLOAD;SUCCESS;C:\Users\sesa857782\Documents\idoc_experiments\0000000117701720_CTRL.json;Frontend export completed.
0000000117701720;CONTENT.xml;GUI_DOWNLOAD;SUCCESS;C:\Users\sesa857782\Documents\idoc_experiments\0000000117701720_CONTENT.xml;Frontend export completed.
0000000117701720;CTRL_TABLE;GUI_DOWNLOAD;SUCCESS;ZALE_EXP_CTRL;Status 0000000000000001 registered.
0000000117701722;STAT.json;GUI_DOWNLOAD;SUCCESS;C:\Users\sesa857782\Documents\idoc_experiments\0000000117701722_STAT.json;Frontend export completed.
0000000117701722;CTRL.json;GUI_DOWNLOAD;SUCCESS;C:\Users\sesa857782\Documents\idoc_experiments\0000000117701722_CTRL.json;Frontend export completed.
0000000117701722;CONTENT.xml;GUI_DOWNLOAD;SUCCESS;C:\Users\sesa857782\Documents\idoc_experiments\0000000117701722_CONTENT.xml;Frontend export completed.
0000000117701722;CTRL_TABLE;GUI_DOWNLOAD;SUCCESS;ZALE_EXP_CTRL;Status 0000000000000001 registered.
0000000117701730;STAT.json;GUI_DOWNLOAD;SUCCESS;C:\Users\sesa857782\Documents\idoc_experiments\0000000117701730_STAT.json;Frontend export completed.
0000000117701730;CTRL.json;GUI_DOWNLOAD;SUCCESS;C:\Users\sesa857782\Documents\idoc_experiments\0000000117701730_CTRL.json;Frontend export completed.
0000000117701730;CONTENT.xml;GUI_DOWNLOAD;SUCCESS;C:\Users\sesa857782\Documents\idoc_experiments\0000000117701730_CONTENT.xml;Frontend export completed.
0000000117701730;CTRL_TABLE;GUI_DOWNLOAD;SUCCESS;ZALE_EXP_CTRL;Status 0000000000000001 registered.
0000000117701733;STAT.json;GUI_DOWNLOAD;SUCCESS;C:\Users\sesa857782\Documents\idoc_experiments\0000000117701733_STAT.json;Frontend export completed.
0000000117701733;CTRL.json;GUI_DOWNLOAD;SUCCESS;C:\Users\sesa857782\Documents\idoc_experiments\0000000117701733_CTRL.json;Frontend export completed.
0000000117701733;CONTENT.xml;GUI_DOWNLOAD;SUCCESS;C:\Users\sesa857782\Documents\idoc_experiments\0000000117701733_CONTENT.xml;Frontend export completed.
0000000117701733;CTRL_TABLE;GUI_DOWNLOAD;SUCCESS;ZALE_EXP_CTRL;Status 0000000000000001 registered.
0000000117701736;STAT.json;GUI_DOWNLOAD;SUCCESS;C:\Users\sesa857782\Documents\idoc_experiments\0000000117701736_STAT.json;Frontend export completed.
0000000117701736;CTRL.json;GUI_DOWNLOAD;SUCCESS;C:\Users\sesa857782\Documents\idoc_experiments\0000000117701736_CTRL.json;Frontend export completed.
0000000117701736;CONTENT.xml;GUI_DOWNLOAD;SUCCESS;C:\Users\sesa857782\Documents\idoc_experiments\0000000117701736_CONTENT.xml;Frontend export completed.
0000000117701736;CTRL_TABLE;GUI_DOWNLOAD;SUCCESS;ZALE_EXP_CTRL;Status 0000000000000001 registered.
0000000117701742;STAT.json;GUI_DOWNLOAD;SUCCESS;C:\Users\sesa857782\Documents\idoc_experiments\0000000117701742_STAT.json;Frontend export completed.
0000000117701742;CTRL.json;GUI_DOWNLOAD;SUCCESS;C:\Users\sesa857782\Documents\idoc_experiments\0000000117701742_CTRL.json;Frontend export completed.
0000000117701742;CONTENT.xml;GUI_DOWNLOAD;SUCCESS;C:\Users\sesa857782\Documents\idoc_experiments\0000000117701742_CONTENT.xml;Frontend export completed.
0000000117701742;CTRL_TABLE;GUI_DOWNLOAD;SUCCESS;ZALE_EXP_CTRL;Status 0000000000000001 registered.
0000000117701744;STAT.json;GUI_DOWNLOAD;SUCCESS;C:\Users\sesa857782\Documents\idoc_experiments\0000000117701744_STAT.json;Frontend export completed.
0000000117701744;CTRL.json;GUI_DOWNLOAD;SUCCESS;C:\Users\sesa857782\Documents\idoc_experiments\0000000117701744_CTRL.json;Frontend export completed.
0000000117701744;CONTENT.xml;GUI_DOWNLOAD;SUCCESS;C:\Users\sesa857782\Documents\idoc_experiments\0000000117701744_CONTENT.xml;Frontend export completed.
0000000117701744;CTRL_TABLE;GUI_DOWNLOAD;SUCCESS;ZALE_EXP_CTRL;Status 0000000000000001 registered.
0000000117701747;STAT.json;GUI_DOWNLOAD;SUCCESS;C:\Users\sesa857782\Documents\idoc_experiments\0000000117701747_STAT.json;Frontend export completed.
0000000117701747;CTRL.json;GUI_DOWNLOAD;SUCCESS;C:\Users\sesa857782\Documents\idoc_experiments\0000000117701747_CTRL.json;Frontend export completed.
0000000117701747;CONTENT.xml;GUI_DOWNLOAD;SUCCESS;C:\Users\sesa857782\Documents\idoc_experiments\0000000117701747_CONTENT.xml;Frontend export completed.
0000000117701747;CTRL_TABLE;GUI_DOWNLOAD;SUCCESS;ZALE_EXP_CTRL;Status 0000000000000001 registered.
0000000117701749;STAT.json;GUI_DOWNLOAD;SUCCESS;C:\Users\sesa857782\Documents\idoc_experiments\0000000117701749_STAT.json;Frontend export completed.
0000000117701749;CTRL.json;GUI_DOWNLOAD;SUCCESS;C:\Users\sesa857782\Documents\idoc_experiments\0000000117701749_CTRL.json;Frontend export completed.
0000000117701749;CONTENT.xml;GUI_DOWNLOAD;SUCCESS;C:\Users\sesa857782\Documents\idoc_experiments\0000000117701749_CONTENT.xml;Frontend export completed.
0000000117701749;CTRL_TABLE;GUI_DOWNLOAD;SUCCESS;ZALE_EXP_CTRL;Status 0000000000000001 registered.
0000000117701752;STAT.json;GUI_DOWNLOAD;SUCCESS;C:\Users\sesa857782\Documents\idoc_experiments\0000000117701752_STAT.json;Frontend export completed.
0000000117701752;CTRL.json;GUI_DOWNLOAD;SUCCESS;C:\Users\sesa857782\Documents\idoc_experiments\0000000117701752_CTRL.json;Frontend export completed.
0000000117701752;CONTENT.xml;GUI_DOWNLOAD;SUCCESS;C:\Users\sesa857782\Documents\idoc_experiments\0000000117701752_CONTENT.xml;Frontend export completed.
0000000117701752;CTRL_TABLE;GUI_DOWNLOAD;SUCCESS;ZALE_EXP_CTRL;Status 0000000000000001 registered.
0000000117701754;STAT.json;GUI_DOWNLOAD;SUCCESS;C:\Users\sesa857782\Documents\idoc_experiments\0000000117701754_STAT.json;Frontend export completed.
0000000117701754;CTRL.json;GUI_DOWNLOAD;SUCCESS;C:\Users\sesa857782\Documents\idoc_experiments\0000000117701754_CTRL.json;Frontend export completed.
0000000117701754;CONTENT.xml;GUI_DOWNLOAD;SUCCESS;C:\Users\sesa857782\Documents\idoc_experiments\0000000117701754_CONTENT.xml;Frontend export completed.
0000000117701754;CTRL_TABLE;GUI_DOWNLOAD;SUCCESS;ZALE_EXP_CTRL;Status 0000000000000001 registered.
0000000117701757;STAT.json;GUI_DOWNLOAD;SUCCESS;C:\Users\sesa857782\Documents\idoc_experiments\0000000117701757_STAT.json;Frontend export completed.
0000000117701757;CTRL.json;GUI_DOWNLOAD;SUCCESS;C:\Users\sesa857782\Documents\idoc_experiments\0000000117701757_CTRL.json;Frontend export completed.
0000000117701757;CONTENT.xml;GUI_DOWNLOAD;SUCCESS;C:\Users\sesa857782\Documents\idoc_experiments\0000000117701757_CONTENT.xml;Frontend export completed.
0000000117701757;CTRL_TABLE;GUI_DOWNLOAD;SUCCESS;ZALE_EXP_CTRL;Status 0000000000000001 registered.
0000000117701759;STAT.json;GUI_DOWNLOAD;SUCCESS;C:\Users\sesa857782\Documents\idoc_experiments\0000000117701759_STAT.json;Frontend export completed.
0000000117701759;CTRL.json;GUI_DOWNLOAD;SUCCESS;C:\Users\sesa857782\Documents\idoc_experiments\0000000117701759_CTRL.json;Frontend export completed.
0000000117701759;CONTENT.xml;GUI_DOWNLOAD;SUCCESS;C:\Users\sesa857782\Documents\idoc_experiments\0000000117701759_CONTENT.xml;Frontend export completed.
0000000117701759;CTRL_TABLE;GUI_DOWNLOAD;SUCCESS;ZALE_EXP_CTRL;Status 0000000000000001 registered.
0000000117701761;STAT.json;GUI_DOWNLOAD;SUCCESS;C:\Users\sesa857782\Documents\idoc_experiments\0000000117701761_STAT.json;Frontend export completed.
0000000117701761;CTRL.json;GUI_DOWNLOAD;SUCCESS;C:\Users\sesa857782\Documents\idoc_experiments\0000000117701761_CTRL.json;Frontend export completed.
0000000117701761;CONTENT.xml;GUI_DOWNLOAD;SUCCESS;C:\Users\sesa857782\Documents\idoc_experiments\0000000117701761_CONTENT.xml;Frontend export completed.
0000000117701761;CTRL_TABLE;GUI_DOWNLOAD;SUCCESS;ZALE_EXP_CTRL;Status 0000000000000001 registered.
0000000117701764;STAT.json;GUI_DOWNLOAD;SUCCESS;C:\Users\sesa857782\Documents\idoc_experiments\0000000117701764_STAT.json;Frontend export completed.
0000000117701764;CTRL.json;GUI_DOWNLOAD;SUCCESS;C:\Users\sesa857782\Documents\idoc_experiments\0000000117701764_CTRL.json;Frontend export completed.
0000000117701764;CONTENT.xml;GUI_DOWNLOAD;SUCCESS;C:\Users\sesa857782\Documents\idoc_experiments\0000000117701764_CONTENT.xml;Frontend export completed.
0000000117701764;CTRL_TABLE;GUI_DOWNLOAD;SUCCESS;ZALE_EXP_CTRL;Status 0000000000000001 registered.
0000000117701766;STAT.json;GUI_DOWNLOAD;SUCCESS;C:\Users\sesa857782\Documents\idoc_experiments\0000000117701766_STAT.json;Frontend export completed.
0000000117701766;CTRL.json;GUI_DOWNLOAD;SUCCESS;C:\Users\sesa857782\Documents\idoc_experiments\0000000117701766_CTRL.json;Frontend export completed.
0000000117701766;CONTENT.xml;GUI_DOWNLOAD;SUCCESS;C:\Users\sesa857782\Documents\idoc_experiments\0000000117701766_CONTENT.xml;Frontend export completed.
0000000117701766;CTRL_TABLE;GUI_DOWNLOAD;SUCCESS;ZALE_EXP_CTRL;Status 0000000000000001 registered.
0000000117701769;STAT.json;GUI_DOWNLOAD;SUCCESS;C:\Users\sesa857782\Documents\idoc_experiments\0000000117701769_STAT.json;Frontend export completed.
0000000117701769;CTRL.json;GUI_DOWNLOAD;SUCCESS;C:\Users\sesa857782\Documents\idoc_experiments\0000000117701769_CTRL.json;Frontend export completed.
0000000117701769;CONTENT.xml;GUI_DOWNLOAD;SUCCESS;C:\Users\sesa857782\Documents\idoc_experiments\0000000117701769_CONTENT.xml;Frontend export completed.
0000000117701769;CTRL_TABLE;GUI_DOWNLOAD;SUCCESS;ZALE_EXP_CTRL;Status 0000000000000001 registered.
0000000117701771;STAT.json;GUI_DOWNLOAD;SUCCESS;C:\Users\sesa857782\Documents\idoc_experiments\0000000117701771_STAT.json;Frontend export completed.
0000000117701771;CTRL.json;GUI_DOWNLOAD;SUCCESS;C:\Users\sesa857782\Documents\idoc_experiments\0000000117701771_CTRL.json;Frontend export completed.
0000000117701771;CONTENT.xml;GUI_DOWNLOAD;SUCCESS;C:\Users\sesa857782\Documents\idoc_experiments\0000000117701771_CONTENT.xml;Frontend export completed.
0000000117701771;CTRL_TABLE;GUI_DOWNLOAD;SUCCESS;ZALE_EXP_CTRL;Status 0000000000000001 registered.
0000000117701774;STAT.json;GUI_DOWNLOAD;SUCCESS;C:\Users\sesa857782\Documents\idoc_experiments\0000000117701774_STAT.json;Frontend export completed.
0000000117701774;CTRL.json;GUI_DOWNLOAD;SUCCESS;C:\Users\sesa857782\Documents\idoc_experiments\0000000117701774_CTRL.json;Frontend export completed.
0000000117701774;CONTENT.xml;GUI_DOWNLOAD;SUCCESS;C:\Users\sesa857782\Documents\idoc_experiments\0000000117701774_CONTENT.xml;Frontend export completed.
0000000117701774;CTRL_TABLE;GUI_DOWNLOAD;SUCCESS;ZALE_EXP_CTRL;Status 0000000000000001 registered.
0000000117701776;STAT.json;GUI_DOWNLOAD;SUCCESS;C:\Users\sesa857782\Documents\idoc_experiments\0000000117701776_STAT.json;Frontend export completed.
0000000117701776;CTRL.json;GUI_DOWNLOAD;SUCCESS;C:\Users\sesa857782\Documents\idoc_experiments\0000000117701776_CTRL.json;Frontend export completed.
0000000117701776;CONTENT.xml;GUI_DOWNLOAD;SUCCESS;C:\Users\sesa857782\Documents\idoc_experiments\0000000117701776_CONTENT.xml;Frontend export completed.
0000000117701776;CTRL_TABLE;GUI_DOWNLOAD;SUCCESS;ZALE_EXP_CTRL;Status 0000000000000001 registered.
0000000117701779;STAT.json;GUI_DOWNLOAD;SUCCESS;C:\Users\sesa857782\Documents\idoc_experiments\0000000117701779_STAT.json;Frontend export completed.
0000000117701779;CTRL.json;GUI_DOWNLOAD;SUCCESS;C:\Users\sesa857782\Documents\idoc_experiments\0000000117701779_CTRL.json;Frontend export completed.
0000000117701779;CONTENT.xml;GUI_DOWNLOAD;SUCCESS;C:\Users\sesa857782\Documents\idoc_experiments\0000000117701779_CONTENT.xml;Frontend export completed.
0000000117701779;CTRL_TABLE;GUI_DOWNLOAD;SUCCESS;ZALE_EXP_CTRL;Status 0000000000000001 registered.
0000000117701781;STAT.json;GUI_DOWNLOAD;SUCCESS;C:\Users\sesa857782\Documents\idoc_experiments\0000000117701781_STAT.json;Frontend export completed.
0000000117701781;CTRL.json;GUI_DOWNLOAD;SUCCESS;C:\Users\sesa857782\Documents\idoc_experiments\0000000117701781_CTRL.json;Frontend export completed.
0000000117701781;CONTENT.xml;GUI_DOWNLOAD;SUCCESS;C:\Users\sesa857782\Documents\idoc_experiments\0000000117701781_CONTENT.xml;Frontend export completed.
0000000117701781;CTRL_TABLE;GUI_DOWNLOAD;SUCCESS;ZALE_EXP_CTRL;Status 0000000000000001 registered.
0000000117701783;STAT.json;GUI_DOWNLOAD;SUCCESS;C:\Users\sesa857782\Documents\idoc_experiments\0000000117701783_STAT.json;Frontend export completed.
0000000117701783;CTRL.json;GUI_DOWNLOAD;SUCCESS;C:\Users\sesa857782\Documents\idoc_experiments\0000000117701783_CTRL.json;Frontend export completed.
0000000117701783;CONTENT.xml;GUI_DOWNLOAD;SUCCESS;C:\Users\sesa857782\Documents\idoc_experiments\0000000117701783_CONTENT.xml;Frontend export completed.
0000000117701783;CTRL_TABLE;GUI_DOWNLOAD;SUCCESS;ZALE_EXP_CTRL;Status 0000000000000004 registered.
0000000117701785;STAT.json;GUI_DOWNLOAD;SUCCESS;C:\Users\sesa857782\Documents\idoc_experiments\0000000117701785_STAT.json;Frontend export completed.
0000000117701785;CTRL.json;GUI_DOWNLOAD;SUCCESS;C:\Users\sesa857782\Documents\idoc_experiments\0000000117701785_CTRL.json;Frontend export completed.
0000000117701785;CONTENT.xml;GUI_DOWNLOAD;SUCCESS;C:\Users\sesa857782\Documents\idoc_experiments\0000000117701785_CONTENT.xml;Frontend export completed.
0000000117701785;CTRL_TABLE;GUI_DOWNLOAD;SUCCESS;ZALE_EXP_CTRL;Status 0000000000000004 registered.
0000000117701787;STAT.json;GUI_DOWNLOAD;SUCCESS;C:\Users\sesa857782\Documents\idoc_experiments\0000000117701787_STAT.json;Frontend export completed.
0000000117701787;CTRL.json;GUI_DOWNLOAD;SUCCESS;C:\Users\sesa857782\Documents\idoc_experiments\0000000117701787_CTRL.json;Frontend export completed.
0000000117701787;CONTENT.xml;GUI_DOWNLOAD;SUCCESS;C:\Users\sesa857782\Documents\idoc_experiments\0000000117701787_CONTENT.xml;Frontend export completed.
0000000117701787;CTRL_TABLE;GUI_DOWNLOAD;SUCCESS;ZALE_EXP_CTRL;Status 0000000000000004 registered.
0000000117701789;STAT.json;GUI_DOWNLOAD;SUCCESS;C:\Users\sesa857782\Documents\idoc_experiments\0000000117701789_STAT.json;Frontend export completed.
0000000117701789;CTRL.json;GUI_DOWNLOAD;SUCCESS;C:\Users\sesa857782\Documents\idoc_experiments\0000000117701789_CTRL.json;Frontend export completed.
0000000117701789;CONTENT.xml;GUI_DOWNLOAD;SUCCESS;C:\Users\sesa857782\Documents\idoc_experiments\0000000117701789_CONTENT.xml;Frontend export completed.
0000000117701789;CTRL_TABLE;GUI_DOWNLOAD;SUCCESS;ZALE_EXP_CTRL;Status 0000000000000004 registered.
0000000117701793;STAT.json;GUI_DOWNLOAD;SUCCESS;C:\Users\sesa857782\Documents\idoc_experiments\0000000117701793_STAT.json;Frontend export completed.
0000000117701793;CTRL.json;GUI_DOWNLOAD;SUCCESS;C:\Users\sesa857782\Documents\idoc_experiments\0000000117701793_CTRL.json;Frontend export completed.
0000000117701793;CONTENT.xml;GUI_DOWNLOAD;SUCCESS;C:\Users\sesa857782\Documents\idoc_experiments\0000000117701793_CONTENT.xml;Frontend export completed.
0000000117701793;CTRL_TABLE;GUI_DOWNLOAD;SUCCESS;ZALE_EXP_CTRL;Status 0000000000000001 registered.
0000000117701795;STAT.json;GUI_DOWNLOAD;SUCCESS;C:\Users\sesa857782\Documents\idoc_experiments\0000000117701795_STAT.json;Frontend export completed.
0000000117701795;CTRL.json;GUI_DOWNLOAD;SUCCESS;C:\Users\sesa857782\Documents\idoc_experiments\0000000117701795_CTRL.json;Frontend export completed.
0000000117701795;CONTENT.xml;GUI_DOWNLOAD;SUCCESS;C:\Users\sesa857782\Documents\idoc_experiments\0000000117701795_CONTENT.xml;Frontend export completed.
0000000117701795;CTRL_TABLE;GUI_DOWNLOAD;SUCCESS;ZALE_EXP_CTRL;Status 0000000000000001 registered.
0000000117701798;STAT.json;GUI_DOWNLOAD;SUCCESS;C:\Users\sesa857782\Documents\idoc_experiments\0000000117701798_STAT.json;Frontend export completed.
0000000117701798;CTRL.json;GUI_DOWNLOAD;SUCCESS;C:\Users\sesa857782\Documents\idoc_experiments\0000000117701798_CTRL.json;Frontend export completed.
0000000117701798;CONTENT.xml;GUI_DOWNLOAD;SUCCESS;C:\Users\sesa857782\Documents\idoc_experiments\0000000117701798_CONTENT.xml;Frontend export completed.
0000000117701798;CTRL_TABLE;GUI_DOWNLOAD;SUCCESS;ZALE_EXP_CTRL;Status 0000000000000001 registered.
0000000117701801;STAT.json;GUI_DOWNLOAD;SUCCESS;C:\Users\sesa857782\Documents\idoc_experiments\0000000117701801_STAT.json;Frontend export completed.
0000000117701801;CTRL.json;GUI_DOWNLOAD;SUCCESS;C:\Users\sesa857782\Documents\idoc_experiments\0000000117701801_CTRL.json;Frontend export completed.
0000000117701801;CONTENT.xml;GUI_DOWNLOAD;SUCCESS;C:\Users\sesa857782\Documents\idoc_experiments\0000000117701801_CONTENT.xml;Frontend export completed.
0000000117701801;CTRL_TABLE;GUI_DOWNLOAD;SUCCESS;ZALE_EXP_CTRL;Status 0000000000000001 registered.
0000000117701804;STAT.json;GUI_DOWNLOAD;SUCCESS;C:\Users\sesa857782\Documents\idoc_experiments\0000000117701804_STAT.json;Frontend export completed.
0000000117701804;CTRL.json;GUI_DOWNLOAD;SUCCESS;C:\Users\sesa857782\Documents\idoc_experiments\0000000117701804_CTRL.json;Frontend export completed.
0000000117701804;CONTENT.xml;GUI_DOWNLOAD;SUCCESS;C:\Users\sesa857782\Documents\idoc_experiments\0000000117701804_CONTENT.xml;Frontend export completed.
0000000117701804;CTRL_TABLE;GUI_DOWNLOAD;SUCCESS;ZALE_EXP_CTRL;Status 0000000000000001 registered.
0000000117701810;STAT.json;GUI_DOWNLOAD;SUCCESS;C:\Users\sesa857782\Documents\idoc_experiments\0000000117701810_STAT.json;Frontend export completed.
0000000117701810;CTRL.json;GUI_DOWNLOAD;SUCCESS;C:\Users\sesa857782\Documents\idoc_experiments\0000000117701810_CTRL.json;Frontend export completed.
0000000117701810;CONTENT.xml;GUI_DOWNLOAD;SUCCESS;C:\Users\sesa857782\Documents\idoc_experiments\0000000117701810_CONTENT.xml;Frontend export completed.
0000000117701810;CTRL_TABLE;GUI_DOWNLOAD;SUCCESS;ZALE_EXP_CTRL;Status 0000000000000001 registered.
0000000117701814;STAT.json;GUI_DOWNLOAD;SUCCESS;C:\Users\sesa857782\Documents\idoc_experiments\0000000117701814_STAT.json;Frontend export completed.
0000000117701814;CTRL.json;GUI_DOWNLOAD;SUCCESS;C:\Users\sesa857782\Documents\idoc_experiments\0000000117701814_CTRL.json;Frontend export completed.
0000000117701814;CONTENT.xml;GUI_DOWNLOAD;SUCCESS;C:\Users\sesa857782\Documents\idoc_experiments\0000000117701814_CONTENT.xml;Frontend export completed.
0000000117701814;CTRL_TABLE;GUI_DOWNLOAD;SUCCESS;ZALE_EXP_CTRL;Status 0000000000000001 registered.
0000000117701817;STAT.json;GUI_DOWNLOAD;SUCCESS;C:\Users\sesa857782\Documents\idoc_experiments\0000000117701817_STAT.json;Frontend export completed.
0000000117701817;CTRL.json;GUI_DOWNLOAD;SUCCESS;C:\Users\sesa857782\Documents\idoc_experiments\0000000117701817_CTRL.json;Frontend export completed.
0000000117701817;CONTENT.xml;GUI_DOWNLOAD;SUCCESS;C:\Users\sesa857782\Documents\idoc_experiments\0000000117701817_CONTENT.xml;Frontend export completed.
0000000117701817;CTRL_TABLE;GUI_DOWNLOAD;SUCCESS;ZALE_EXP_CTRL;Status 0000000000000001 registered.
0000000117701821;STAT.json;GUI_DOWNLOAD;SUCCESS;C:\Users\sesa857782\Documents\idoc_experiments\0000000117701821_STAT.json;Frontend export completed.
0000000117701821;CTRL.json;GUI_DOWNLOAD;SUCCESS;C:\Users\sesa857782\Documents\idoc_experiments\0000000117701821_CTRL.json;Frontend export completed.
0000000117701821;CONTENT.xml;GUI_DOWNLOAD;SUCCESS;C:\Users\sesa857782\Documents\idoc_experiments\0000000117701821_CONTENT.xml;Frontend export completed.
0000000117701821;CTRL_TABLE;GUI_DOWNLOAD;SUCCESS;ZALE_EXP_CTRL;Status 0000000000000001 registered.
0000000117701824;STAT.json;GUI_DOWNLOAD;SUCCESS;C:\Users\sesa857782\Documents\idoc_experiments\0000000117701824_STAT.json;Frontend export completed.
0000000117701824;CTRL.json;GUI_DOWNLOAD;SUCCESS;C:\Users\sesa857782\Documents\idoc_experiments\0000000117701824_CTRL.json;Frontend export completed.
0000000117701824;CONTENT.xml;GUI_DOWNLOAD;SUCCESS;C:\Users\sesa857782\Documents\idoc_experiments\0000000117701824_CONTENT.xml;Frontend export completed.
0000000117701824;CTRL_TABLE;GUI_DOWNLOAD;SUCCESS;ZALE_EXP_CTRL;Status 0000000000000001 registered.
0000000117701828;STAT.json;GUI_DOWNLOAD;SUCCESS;C:\Users\sesa857782\Documents\idoc_experiments\0000000117701828_STAT.json;Frontend export completed.
0000000117701828;CTRL.json;GUI_DOWNLOAD;SUCCESS;C:\Users\sesa857782\Documents\idoc_experiments\0000000117701828_CTRL.json;Frontend export completed.
0000000117701828;CONTENT.xml;GUI_DOWNLOAD;SUCCESS;C:\Users\sesa857782\Documents\idoc_experiments\0000000117701828_CONTENT.xml;Frontend export completed.
0000000117701828;CTRL_TABLE;GUI_DOWNLOAD;SUCCESS;ZALE_EXP_CTRL;Status 0000000000000001 registered.
0000000117701831;STAT.json;GUI_DOWNLOAD;SUCCESS;C:\Users\sesa857782\Documents\idoc_experiments\0000000117701831_STAT.json;Frontend export completed.
0000000117701831;CTRL.json;GUI_DOWNLOAD;SUCCESS;C:\Users\sesa857782\Documents\idoc_experiments\0000000117701831_CTRL.json;Frontend export completed.
0000000117701831;CONTENT.xml;GUI_DOWNLOAD;SUCCESS;C:\Users\sesa857782\Documents\idoc_experiments\0000000117701831_CONTENT.xml;Frontend export completed.
0000000117701831;CTRL_TABLE;GUI_DOWNLOAD;SUCCESS;ZALE_EXP_CTRL;Status 0000000000000001 registered.
0000000117701834;STAT.json;GUI_DOWNLOAD;SUCCESS;C:\Users\sesa857782\Documents\idoc_experiments\0000000117701834_STAT.json;Frontend export completed.
0000000117701834;CTRL.json;GUI_DOWNLOAD;SUCCESS;C:\Users\sesa857782\Documents\idoc_experiments\0000000117701834_CTRL.json;Frontend export completed.
0000000117701834;CONTENT.xml;GUI_DOWNLOAD;SUCCESS;C:\Users\sesa857782\Documents\idoc_experiments\0000000117701834_CONTENT.xml;Frontend export completed.
0000000117701834;CTRL_TABLE;GUI_DOWNLOAD;SUCCESS;ZALE_EXP_CTRL;Status 0000000000000001 registered.
0000000117701838;STAT.json;GUI_DOWNLOAD;SUCCESS;C:\Users\sesa857782\Documents\idoc_experiments\0000000117701838_STAT.json;Frontend export completed.
0000000117701838;CTRL.json;GUI_DOWNLOAD;SUCCESS;C:\Users\sesa857782\Documents\idoc_experiments\0000000117701838_CTRL.json;Frontend export completed.
0000000117701838;CONTENT.xml;GUI_DOWNLOAD;SUCCESS;C:\Users\sesa857782\Documents\idoc_experiments\0000000117701838_CONTENT.xml;Frontend export completed.
0000000117701838;CTRL_TABLE;GUI_DOWNLOAD;SUCCESS;ZALE_EXP_CTRL;Status 0000000000000001 registered.
0000000117701841;STAT.json;GUI_DOWNLOAD;SUCCESS;C:\Users\sesa857782\Documents\idoc_experiments\0000000117701841_STAT.json;Frontend export completed.
0000000117701841;CTRL.json;GUI_DOWNLOAD;SUCCESS;C:\Users\sesa857782\Documents\idoc_experiments\0000000117701841_CTRL.json;Frontend export completed.
0000000117701841;CONTENT.xml;GUI_DOWNLOAD;SUCCESS;C:\Users\sesa857782\Documents\idoc_experiments\0000000117701841_CONTENT.xml;Frontend export completed.
0000000117701841;CTRL_TABLE;GUI_DOWNLOAD;SUCCESS;ZALE_EXP_CTRL;Status 0000000000000001 registered.
0000000117701791;STAT.json;GUI_DOWNLOAD;SUCCESS;C:\Users\sesa857782\Documents\idoc_experiments\0000000117701791_STAT.json;Frontend export completed.
0000000117701791;CTRL.json;GUI_DOWNLOAD;SUCCESS;C:\Users\sesa857782\Documents\idoc_experiments\0000000117701791_CTRL.json;Frontend export completed.
0000000117701791;CONTENT.xml;GUI_DOWNLOAD;SUCCESS;C:\Users\sesa857782\Documents\idoc_experiments\0000000117701791_CONTENT.xml;Frontend export completed.
0000000117701791;CTRL_TABLE;GUI_DOWNLOAD;SUCCESS;ZALE_EXP_CTRL;Status 0000000000000004 registered.
0000000117701844;STAT.json;GUI_DOWNLOAD;SUCCESS;C:\Users\sesa857782\Documents\idoc_experiments\0000000117701844_STAT.json;Frontend export completed.
0000000117701844;CTRL.json;GUI_DOWNLOAD;SUCCESS;C:\Users\sesa857782\Documents\idoc_experiments\0000000117701844_CTRL.json;Frontend export completed.
0000000117701844;CONTENT.xml;GUI_DOWNLOAD;SUCCESS;C:\Users\sesa857782\Documents\idoc_experiments\0000000117701844_CONTENT.xml;Frontend export completed.
0000000117701844;CTRL_TABLE;GUI_DOWNLOAD;SUCCESS;ZALE_EXP_CTRL;Status 0000000000000001 registered.
0000000117701847;SKIPPED;GUI_DOWNLOAD;SUCCESS;;Status record already exported. Skipped.
0000000117701849;SKIPPED;GUI_DOWNLOAD;SUCCESS;;Status record already exported. Skipped.
0000000117701851;SKIPPED;GUI_DOWNLOAD;SUCCESS;;Status record already exported. Skipped.
0000000117701853;SKIPPED;GUI_DOWNLOAD;SUCCESS;;Status record already exported. Skipped.
0000000117701855;SKIPPED;GUI_DOWNLOAD;SUCCESS;;Status record already exported. Skipped.
0000000117701860;SKIPPED;GUI_DOWNLOAD;SUCCESS;;Status record already exported. Skipped.
0000000117701861;SKIPPED;GUI_DOWNLOAD;SUCCESS;;Status record already exported. Skipped.
0000000117701864;SKIPPED;GUI_DOWNLOAD;SUCCESS;;Status record already exported. Skipped.
0000000117701865;STAT.json;GUI_DOWNLOAD;SUCCESS;C:\Users\sesa857782\Documents\idoc_experiments\0000000117701865_STAT.json;Frontend export completed.
0000000117701865;CTRL.json;GUI_DOWNLOAD;SUCCESS;C:\Users\sesa857782\Documents\idoc_experiments\0000000117701865_CTRL.json;Frontend export completed.
0000000117701865;CONTENT.xml;GUI_DOWNLOAD;SUCCESS;C:\Users\sesa857782\Documents\idoc_experiments\0000000117701865_CONTENT.xml;Frontend export completed.
0000000117701865;CTRL_TABLE;GUI_DOWNLOAD;SUCCESS;ZALE_EXP_CTRL;Status 0000000000000004 registered.
0000000117701869;STAT.json;GUI_DOWNLOAD;SUCCESS;C:\Users\sesa857782\Documents\idoc_experiments\0000000117701869_STAT.json;Frontend export completed.
0000000117701869;CTRL.json;GUI_DOWNLOAD;SUCCESS;C:\Users\sesa857782\Documents\idoc_experiments\0000000117701869_CTRL.json;Frontend export completed.
0000000117701869;CONTENT.xml;GUI_DOWNLOAD;SUCCESS;C:\Users\sesa857782\Documents\idoc_experiments\0000000117701869_CONTENT.xml;Frontend export completed.
0000000117701869;CTRL_TABLE;GUI_DOWNLOAD;SUCCESS;ZALE_EXP_CTRL;Status 0000000000000004 registered.
0000000117701871;STAT.json;GUI_DOWNLOAD;SUCCESS;C:\Users\sesa857782\Documents\idoc_experiments\0000000117701871_STAT.json;Frontend export completed.
0000000117701871;CTRL.json;GUI_DOWNLOAD;SUCCESS;C:\Users\sesa857782\Documents\idoc_experiments\0000000117701871_CTRL.json;Frontend export completed.
0000000117701871;CONTENT.xml;GUI_DOWNLOAD;SUCCESS;C:\Users\sesa857782\Documents\idoc_experiments\0000000117701871_CONTENT.xml;Frontend export completed.
0000000117701871;CTRL_TABLE;GUI_DOWNLOAD;SUCCESS;ZALE_EXP_CTRL;Status 0000000000000004 registered.
0000000117701875;STAT.json;GUI_DOWNLOAD;SUCCESS;C:\Users\sesa857782\Documents\idoc_experiments\0000000117701875_STAT.json;Frontend export completed.
0000000117701875;CTRL.json;GUI_DOWNLOAD;SUCCESS;C:\Users\sesa857782\Documents\idoc_experiments\0000000117701875_CTRL.json;Frontend export completed.
0000000117701875;CONTENT.xml;GUI_DOWNLOAD;SUCCESS;C:\Users\sesa857782\Documents\idoc_experiments\0000000117701875_CONTENT.xml;Frontend export completed.
0000000117701875;CTRL_TABLE;GUI_DOWNLOAD;SUCCESS;ZALE_EXP_CTRL;Status 0000000000000004 registered.
0000000117701877;STAT.json;GUI_DOWNLOAD;SUCCESS;C:\Users\sesa857782\Documents\idoc_experiments\0000000117701877_STAT.json;Frontend export completed.
0000000117701877;CTRL.json;GUI_DOWNLOAD;SUCCESS;C:\Users\sesa857782\Documents\idoc_experiments\0000000117701877_CTRL.json;Frontend export completed.
0000000117701877;CONTENT.xml;GUI_DOWNLOAD;SUCCESS;C:\Users\sesa857782\Documents\idoc_experiments\0000000117701877_CONTENT.xml;Frontend export completed.
0000000117701877;CTRL_TABLE;GUI_DOWNLOAD;SUCCESS;ZALE_EXP_CTRL;Status 0000000000000004 registered.
0000000117701879;STAT.json;GUI_DOWNLOAD;SUCCESS;C:\Users\sesa857782\Documents\idoc_experiments\0000000117701879_STAT.json;Frontend export completed.
0000000117701879;CTRL.json;GUI_DOWNLOAD;SUCCESS;C:\Users\sesa857782\Documents\idoc_experiments\0000000117701879_CTRL.json;Frontend export completed.
0000000117701879;CONTENT.xml;GUI_DOWNLOAD;SUCCESS;C:\Users\sesa857782\Documents\idoc_experiments\0000000117701879_CONTENT.xml;Frontend export completed.
0000000117701879;CTRL_TABLE;GUI_DOWNLOAD;SUCCESS;ZALE_EXP_CTRL;Status 0000000000000004 registered.
0000000117701881;STAT.json;GUI_DOWNLOAD;SUCCESS;C:\Users\sesa857782\Documents\idoc_experiments\0000000117701881_STAT.json;Frontend export completed.
0000000117701881;CTRL.json;GUI_DOWNLOAD;SUCCESS;C:\Users\sesa857782\Documents\idoc_experiments\0000000117701881_CTRL.json;Frontend export completed.
0000000117701881;CONTENT.xml;GUI_DOWNLOAD;SUCCESS;C:\Users\sesa857782\Documents\idoc_experiments\0000000117701881_CONTENT.xml;Frontend export completed.
0000000117701881;CTRL_TABLE;GUI_DOWNLOAD;SUCCESS;ZALE_EXP_CTRL;Status 0000000000000004 registered.
0000000117701883;STAT.json;GUI_DOWNLOAD;SUCCESS;C:\Users\sesa857782\Documents\idoc_experiments\0000000117701883_STAT.json;Frontend export completed.
0000000117701883;CTRL.json;GUI_DOWNLOAD;SUCCESS;C:\Users\sesa857782\Documents\idoc_experiments\0000000117701883_CTRL.json;Frontend export completed.
0000000117701883;CONTENT.xml;GUI_DOWNLOAD;SUCCESS;C:\Users\sesa857782\Documents\idoc_experiments\0000000117701883_CONTENT.xml;Frontend export completed.
0000000117701883;CTRL_TABLE;GUI_DOWNLOAD;SUCCESS;ZALE_EXP_CTRL;Status 0000000000000004 registered.
0000000117701885;STAT.json;GUI_DOWNLOAD;SUCCESS;C:\Users\sesa857782\Documents\idoc_experiments\0000000117701885_STAT.json;Frontend export completed.
0000000117701885;CTRL.json;GUI_DOWNLOAD;SUCCESS;C:\Users\sesa857782\Documents\idoc_experiments\0000000117701885_CTRL.json;Frontend export completed.
0000000117701885;CONTENT.xml;GUI_DOWNLOAD;SUCCESS;C:\Users\sesa857782\Documents\idoc_experiments\0000000117701885_CONTENT.xml;Frontend export completed.
0000000117701885;CTRL_TABLE;GUI_DOWNLOAD;SUCCESS;ZALE_EXP_CTRL;Status 0000000000000004 registered.
0000000117701888;STAT.json;GUI_DOWNLOAD;SUCCESS;C:\Users\sesa857782\Documents\idoc_experiments\0000000117701888_STAT.json;Frontend export completed.
0000000117701888;CTRL.json;GUI_DOWNLOAD;SUCCESS;C:\Users\sesa857782\Documents\idoc_experiments\0000000117701888_CTRL.json;Frontend export completed.
0000000117701888;CONTENT.xml;GUI_DOWNLOAD;SUCCESS;C:\Users\sesa857782\Documents\idoc_experiments\0000000117701888_CONTENT.xml;Frontend export completed.
0000000117701888;CTRL_TABLE;GUI_DOWNLOAD;SUCCESS;ZALE_EXP_CTRL;Status 0000000000000001 registered.
0000000117701890;STAT.json;GUI_DOWNLOAD;SUCCESS;C:\Users\sesa857782\Documents\idoc_experiments\0000000117701890_STAT.json;Frontend export completed.
0000000117701890;CTRL.json;GUI_DOWNLOAD;SUCCESS;C:\Users\sesa857782\Documents\idoc_experiments\0000000117701890_CTRL.json;Frontend export completed.
0000000117701890;CONTENT.xml;GUI_DOWNLOAD;SUCCESS;C:\Users\sesa857782\Documents\idoc_experiments\0000000117701890_CONTENT.xml;Frontend export completed.
0000000117701890;CTRL_TABLE;GUI_DOWNLOAD;SUCCESS;ZALE_EXP_CTRL;Status 0000000000000001 registered.
0000000117701904;STAT.json;GUI_DOWNLOAD;SUCCESS;C:\Users\sesa857782\Documents\idoc_experiments\0000000117701904_STAT.json;Frontend export completed.
0000000117701904;CTRL.json;GUI_DOWNLOAD;SUCCESS;C:\Users\sesa857782\Documents\idoc_experiments\0000000117701904_CTRL.json;Frontend export completed.
0000000117701904;CONTENT.xml;GUI_DOWNLOAD;SUCCESS;C:\Users\sesa857782\Documents\idoc_experiments\0000000117701904_CONTENT.xml;Frontend export completed.
0000000117701904;CTRL_TABLE;GUI_DOWNLOAD;SUCCESS;ZALE_EXP_CTRL;Status 0000000000000001 registered.
0000000117701907;STAT.json;GUI_DOWNLOAD;SUCCESS;C:\Users\sesa857782\Documents\idoc_experiments\0000000117701907_STAT.json;Frontend export completed.
0000000117701907;CTRL.json;GUI_DOWNLOAD;SUCCESS;C:\Users\sesa857782\Documents\idoc_experiments\0000000117701907_CTRL.json;Frontend export completed.
0000000117701907;CONTENT.xml;GUI_DOWNLOAD;SUCCESS;C:\Users\sesa857782\Documents\idoc_experiments\0000000117701907_CONTENT.xml;Frontend export completed.
0000000117701907;CTRL_TABLE;GUI_DOWNLOAD;SUCCESS;ZALE_EXP_CTRL;Status 0000000000000001 registered.
0000000117701235;STAT.json;GUI_DOWNLOAD;SUCCESS;C:\Users\sesa857782\Documents\idoc_experiments\0000000117701235_STAT.json;Frontend export completed.
0000000117701235;CTRL.json;GUI_DOWNLOAD;SUCCESS;C:\Users\sesa857782\Documents\idoc_experiments\0000000117701235_CTRL.json;Frontend export completed.
0000000117701235;CONTENT.xml;GUI_DOWNLOAD;SUCCESS;C:\Users\sesa857782\Documents\idoc_experiments\0000000117701235_CONTENT.xml;Frontend export completed.
0000000117701235;CTRL_TABLE;GUI_DOWNLOAD;SUCCESS;ZALE_EXP_CTRL;Status 0000000000000004 registered.
0000000117701400;STAT.json;GUI_DOWNLOAD;SUCCESS;C:\Users\sesa857782\Documents\idoc_experiments\0000000117701400_STAT.json;Frontend export completed.
0000000117701400;CTRL.json;GUI_DOWNLOAD;SUCCESS;C:\Users\sesa857782\Documents\idoc_experiments\0000000117701400_CTRL.json;Frontend export completed.
0000000117701400;CONTENT.xml;GUI_DOWNLOAD;SUCCESS;C:\Users\sesa857782\Documents\idoc_experiments\0000000117701400_CONTENT.xml;Frontend export completed.
0000000117701400;CTRL_TABLE;GUI_DOWNLOAD;SUCCESS;ZALE_EXP_CTRL;Status 0000000000000004 registered.
